,Date,MOTA (1.8,MEDIUM,TANDURI,VEHICLE
0,2012-01-01,52,50,48,170
1,2012-01-02,53,52,50,140
2,2012-01-03, , , , 
3,2012-01-04,52,52,50,150
4,2012-01-05,50,50,48,110
5,2012-01-06,50,50,48,110
6,2012-01-07,56,50,56,120
7,2012-01-08,56,55,55,160
8,2012-01-09,66,65,70,120
9,2012-01-10, , , , 
10,2012-01-11,62,62,60,160
11,2012-01-12,60,60,62,140
12,2012-01-13,60,58,60,120
13,2012-01-14,56,56,56,140
14,2012-01-15,60,57,60,130
15,2012-01-16,63,62,63,125
16,2012-01-17, , , , 
17,2012-01-18,65,62,65,140
18,2012-01-19,62,62,62,120
19,2012-01-20,62,62,62,100
20,2012-01-21,60,60,60,140
21,2012-01-22,62,60,58,160
22,2012-01-23,62,58,60,140
23,2012-01-24, , , , 
24,2012-01-25,66,65,66,195
25,2012-01-26, , , , 
26,2012-01-27,64,60,58,150
27,2012-01-28,68,66,65,125
28,2012-01-29,70,68,66,130
29,2012-01-30,70,68,66,120
30,2012-01-31, , , , 
0,2012-02-01,72,68,70,158
1,2012-02-02,68,68,70,120
2,2012-02-03,66,66,66,140
3,2012-02-04,64,64,63,155
4,2012-02-05,65,62,60,185
5,2012-02-06,68,67,65,135
6,2012-02-07, , , , 
7,2012-02-08,72,70,70,165
8,2012-02-09,75,73,70,145
9,2012-02-10,84,80,80,110
10,2012-02-11,85,80,78,135
11,2012-02-12,90,84,82,140
12,2012-02-13,88,84,82,150
13,2012-02-14, , , , 
14,2012-02-15,80,77,75,180
15,2012-02-16,76,72,70,140
16,2012-02-17,75,72,70,120
17,2012-02-18,73,70,70,145
18,2012-02-19,72,68,68,165
19,2012-02-20,72,68,70,85
20,2012-02-21, , , , 
21,2012-02-22,70,68,66,170
22,2012-02-23,70,67,68,115
23,2012-02-24,68,67,71,135
24,2012-02-25,75,72,76,135
25,2012-02-26,75,73,78,165
26,2012-02-27,80,77,78,130
27,2012-02-28, , , , 
28,2012-02-29,73,72,70,170
0,2012-03-01,78,76,78,90
1,2012-03-02,74,70,72,135
2,2012-03-03,73,72,75,125
3,2012-03-04,70,68,68,170
4,2012-03-05,68,66,65,165
5,2012-03-06, , , , 
6,2012-03-07,80,75,77,240
7,2012-03-08,78,70,78,200
8,2012-03-09,80,78,84,54
9,2012-03-10,70,70,67,180
10,2012-03-11,70,68,67,140
11,2012-03-12,70,68,65,125
12,2012-03-13, , , , 
13,2012-03-14,68,67,65,130
14,2012-03-15,66,64,63,110
15,2012-03-16,65,63,62,125
16,2012-03-17,60,58,60,142
17,2012-03-18,58,54,55,160
18,2012-03-19,58,55,54,135
19,2012-03-20, , , , 
20,2012-03-21,65,60,60,140
21,2012-03-22,68,65,64,96
22,2012-03-23,65,62,61,75
23,2012-03-24,60,57,56,80
24,2012-03-25,57,54,53,105
25,2012-03-26,60,55,53,45
26,2012-03-27, , , , 
27,2012-03-28,57,54,53,110
28,2012-03-29,56,52,54,70
29,2012-03-30,58,56,56,45
30,2012-03-31,60,58,64,105
0,2012-04-01,60,58,58,170
1,2012-04-02,53,53,53,170
2,2012-04-03, , , , 
3,2012-04-04,50,50,50,185
4,2012-04-05,55,54,58,1115
5,2012-04-06,54,53,55,130
6,2012-04-07,52,50,56,170
7,2012-04-08,48,48,50,200
8,2012-04-09,58,55,60,135
9,2012-04-10, , , , 
10,2012-04-11,50,52,54,200
11,2012-04-12,50,48,52,150
12,2012-04-13,46,45,46,150
13,2012-04-14,50,50,52,145
14,2012-04-15,54,52,58,155
15,2012-04-16,48,48,50,185
16,2012-04-17, , , , 
17,2012-04-18,46,45,48,190
18,2012-04-19,48,47,50,140
19,2012-04-20,45,43,46,150
20,2012-04-21,48,45,48,165
21,2012-04-22,48,45,48,165
22,2012-04-23,47,45,48,165
23,2012-04-24, , , , 
24,2012-04-25,48,46,50,175
25,2012-04-26,46,45,45,160
26,2012-04-27,48,46,48,115
27,2012-04-28,58,55,56,130
28,2012-04-29,70,68,72,130
29,2012-04-30,64,68,65,180
0,2012-05-01, , , , 
1,2012-05-02,62,57,62,190
2,2012-05-03,58,57,56,145
3,2012-05-04,55,52,52,150
4,2012-05-05,60,58,57,140
5,2012-05-06,60,58,57,170
6,2012-05-07,60,55,53,165
7,2012-05-08, , , , 
8,2012-05-09,65,55,52,170
9,2012-05-10,72,65,65,130
10,2012-05-11,70,67,65,125
11,2012-05-12,72,66,65,140
12,2012-05-13,76,72,70,145
13,2012-05-14,85,75,75,135
14,2012-05-15, , , , 
15,2012-05-16,90,85,80,150
16,2012-05-17,85,80,75,140
17,2012-05-18,82,78,78,100
18,2012-05-19,80,75,72,145
19,2012-05-20,80,75,73,140
20,2012-05-21,84,80,75,120
21,2012-05-22, , , , 
22,2012-05-23,92,85,80,135
23,2012-05-24,90,85,80,105
24,2012-05-25,90,84,76,125
25,2012-05-26,90,82,72,150
26,2012-05-27,90,84,78,145
27,2012-05-28,90,84,78,140
28,2012-05-29, , , , 
29,2012-05-30,92,85,80,140
30,2012-05-31,90,84,78,130
0,2012-06-01,90,84,78,100
1,2012-06-02,92,86,80,115
2,2012-06-03,97,90,87,125
3,2012-06-04,105,95,95,100
4,2012-06-05, , , , 
5,2012-06-06,105,95,93,130
6,2012-06-07,98,95,90,110
7,2012-06-08,100,95,92,85
8,2012-06-09,100,94,92,130
9,2012-06-10,100,95,90,145
10,2012-06-11,102,95,92,125
11,2012-06-12, , , , 
12,2012-06-13,105,96,94,130
13,2012-06-14,105,97,94,100
14,2012-06-15,108,98,96,78
15,2012-06-16,110,102,97,110
16,2012-06-17,110,102,100,125
17,2012-06-18,110,105,100,125
18,2012-06-19, , , , 
19,2012-06-20,105,100,95,145
20,2012-06-21,100,97,90,118
21,2012-06-22,95,90,85,120
22,2012-06-23,85,82,75,152
23,2012-06-24,95,87,85,125
24,2012-06-25,105,95,88,120
25,2012-06-26, , , , 
26,2012-06-27,102,95,90,150
27,2012-06-28,107,100,98,90
28,2012-06-29,100,95,92,90
29,2012-06-30,100,88,85,135
0,2012-07-01,95,90,85,140
1,2012-07-02,95,90,85,120
2,2012-07-03, , , , 
3,2012-07-04,88,85,82,130
4,2012-07-05,92,87,85,125
5,2012-07-06,95,90,88,75
6,2012-07-07,105,98,96,105
7,2012-07-08,106,100,98,125
8,2012-07-09,95,90,97,140
9,2012-07-10, , , , 
10,2012-07-11,86,85,84,115
11,2012-07-12,80,78,75,95
12,2012-07-13,80,80,77,70
13,2012-07-14,88,84,83,95
14,2012-07-15,93,87,87,110
15,2012-07-16,80,82,80,120
16,2012-07-17, , , , 
17,2012-07-18,80,80,80,120
18,2012-07-19,80,75,72,115
19,2012-07-20,76,75,75,85
20,2012-07-21,78,75,72,120
21,2012-07-22,75,70,72,130
22,2012-07-23,70,68,68,100
23,2012-07-24, , , , 
24,2012-07-25,58,52,55,175
25,2012-07-26,58,55,56,58
26,2012-07-27,65,62,65,76
27,2012-07-28,62,57,55,140
28,2012-07-29,64,62,62,150
29,2012-07-30,68,65,70,92
30,2012-07-31, , , , 
0,2012-08-01,73,70,72,140
1,2012-08-02,70,68,68,150
2,2012-08-03,70,68,70,125
3,2012-08-04,65,66,70,190
4,2012-08-05,70,68,76,145
5,2012-08-06,66,65,70,150
6,2012-08-07, , , , 
7,2012-08-08,68,68,70,140
8,2012-08-09,67,65,68,130
9,2012-08-10,66,65,70,180
10,2012-08-11,68,68,72,130
11,2012-08-12,65,67,70,170
12,2012-08-13,80,75,85,155
13,2012-08-14, , , , 
14,2012-08-15,75,75,78, 
15,2012-08-16,75,74,85,40
16,2012-08-17,78,76,82,128
17,2012-08-18,75,74,80,150
18,2012-08-19,76,75,76,195
19,2012-08-20, , , , 
20,2012-08-21, , , , 
21,2012-08-22,85,85,87,150
22,2012-08-23,75,72,77,145
23,2012-08-24,72,70,76,110
24,2012-08-25,70,68,72,155
25,2012-08-26,72,70,72,142
26,2012-08-27,78,76,80,105
27,2012-08-28, , , , 
28,2012-08-29,75,72,75,170
29,2012-08-30,72,70,72,105
30,2012-08-31,73,72,78,91
0,2012-09-01,72,70,74,140
1,2012-09-02,72,70,74,140
2,2012-09-03,70,68,70,140
3,2012-09-04, , , , 
4,2012-09-05,70,68,70,160
5,2012-09-06,72,70,75,100
6,2012-09-07,70,68,70,130
7,2012-09-08,72,72,72,130
8,2012-09-09,70,70,70,155
9,2012-09-10,70,70,70,155
10,2012-09-11, , , , 
11,2012-09-12,70,70,70,185
12,2012-09-13,70,70,72,120
13,2012-09-14,70,68,73,120
14,2012-09-15,75,74,75,140
15,2012-09-16,75,74,75,140
16,2012-09-17,73,70,70,150
17,2012-09-18, , , , 
18,2012-09-19,73,72,71,140
19,2012-09-20,70,70,70,140
20,2012-09-21,72,72,72,75
21,2012-09-22,73,70,72,140
22,2012-09-23,74,72,72,148
23,2012-09-24,72,70,75,135
24,2012-09-25, , , , 
25,2012-09-26,72,70,72,160
26,2012-09-27,68,68,68,125
27,2012-09-28,68,66,69,95
28,2012-09-29,68,67,68,135
29,2012-09-30,66,65,67,150
0,2012-10-01,65,62,65,125
1,2012-10-02, , , , 
2,2012-10-03,68,68,72,120
3,2012-10-04,68,66,70,110
4,2012-10-05,64,62,68,115
5,2012-10-06,66,65,66,110
6,2012-10-07,65,64,66,142
7,2012-10-08,68,66,72,110
8,2012-10-09, , , , 
9,2012-10-10,66,65,66,150
10,2012-10-11,66,65,70,95
11,2012-10-12,66,65,68,100
12,2012-10-13,68,67,72,110
13,2012-10-14,70,67,70,145
14,2012-10-15,70,68,72,115
15,2012-10-16, , , , 
16,2012-10-17,68,68,72,55
17,2012-10-18,63,62,63,80
18,2012-10-19,68,67,70,30
19,2012-10-20,63,62,66,75
20,2012-10-21,66,65,70,65
21,2012-10-22,66,68,75,95
22,2012-10-23, , , , 
23,2012-10-24,70,72,80,210
24,2012-10-25,66,68,78,160
25,2012-10-26,66,68,85,210
26,2012-10-27, , , , 
27,2012-10-28,60,60,70,180
28,2012-10-29,58,60,70,105
29,2012-10-30, , , , 
30,2012-10-31,50,58,65,155
0,2012-11-01,53,55,63,105
1,2012-11-02,50,53,60,100
2,2012-11-03,53,54,60,135
3,2012-11-04,54,55,60,170
4,2012-11-05,53,55,60,145
5,2012-11-06, , , , 
6,2012-11-07,52,54,58,170
7,2012-11-08,50,52,56,155
8,2012-11-09,52,53,60,105
9,2012-11-10,54,55,60,160
10,2012-11-11,60,62,66,160
11,2012-11-12,58,63,66,170
12,2012-11-13, , , , 
13,2012-11-14,60,63,66,140
14,2012-11-15,58,60,65,190
15,2012-11-16,58,60,65,110
16,2012-11-17,55,58,62,147
17,2012-11-18,53,55,56,155
18,2012-11-19,58,60,65,75
19,2012-11-20, , , , 
20,2012-11-21,53,55,58,200
21,2012-11-22,50,52,54,135
22,2012-11-23,46,48,50,130
23,2012-11-24,52,52,55,125
24,2012-11-25,55,54,54,160
25,2012-11-26,50,48,50,140
26,2012-11-27, , , , 
27,2012-11-28,46,47,47,170
28,2012-11-29,45,46,48,110
29,2012-11-30,46,48,52,120
0,2012-12-01,45,48,50,150
1,2012-12-02,46,46,46,175
2,2012-12-03,42,43,44,170
3,2012-12-04, , , , 
4,2012-12-05,44,43,46,165
5,2012-12-06,46,45,46,155
6,2012-12-07,48,48,48,110
7,2012-12-08,58,58,62,130
8,2012-12-09,60,60,62,170
9,2012-12-10,58,57,58,165
10,2012-12-11, , , , 
11,2012-12-12,58,58,62,160
12,2012-12-13,62,60,63,115
13,2012-12-14,62,60,63,135
14,2012-12-15,62,60,62,165
15,2012-12-16,66,63,62,160
16,2012-12-17,66,65,66,150
17,2012-12-18, , , , 
18,2012-12-19,72,70,75,142
19,2012-12-20,72,70,74,132
20,2012-12-21,72,70,75,95
21,2012-12-22,68,68,68,165
22,2012-12-23,68,68,68,142
23,2012-12-24,65,65,68,170
24,2012-12-25, , , , 
25,2012-12-26,58,57,60,192
26,2012-12-27,58,58,60,130
27,2012-12-28,62,60,65,110
28,2012-12-29,70,68,74,140
29,2012-12-30,75,74,75,185
30,2012-12-31,70,70,70,225
0,2013-01-01, , , , 
1,2013-01-02,72,72,75,140
2,2013-01-03,70,70,73,130
3,2013-01-04,72,73,76,80
4,2013-01-05,73,72,73,135
5,2013-01-06,74,73,74,135
6,2013-01-07,78,77,78,118
7,2013-01-08, , , , 
8,2013-01-09,84,83,84,125
9,2013-01-10,82,82,80,115
10,2013-01-11,85,84,90,85
11,2013-01-12,87,86,88,138
12,2013-01-13,85,84,85,170
13,2013-01-14,86,86,85,115
14,2013-01-15, , , , 
15,2013-01-16,85,84,84,150
16,2013-01-17,80,80,82,135
17,2013-01-18,83,82,85,100
18,2013-01-19,87,86,90,112
19,2013-01-20,88,87,90,155
20,2013-01-21,84,83,86,145
21,2013-01-22, , , , 
22,2013-01-23,85,83,88,145
23,2013-01-24,82,80,90,120
24,2013-01-25,83,82,96,200
25,2013-01-26, , , , 
26,2013-01-27,84,85,88,140
27,2013-01-28,83,82,87,125
28,2013-01-29, , , , 
29,2013-01-30,83,82,90,125
30,2013-01-31,85,88,95,75
0,2013-02-01,85,88,100,80
1,2013-02-02,88,90,93,120
2,2013-02-03,97,98,102,125
3,2013-02-04,105,108,112,120
4,2013-02-05, , , , 
5,2013-02-06,105,108,115,125
6,2013-02-07,102,103,108,95
7,2013-02-08,102,103,107,90
8,2013-02-09,98,100,103,125
9,2013-02-10,96,98,100,125
10,2013-02-11,95,96,98,100
11,2013-02-12, , , , 
12,2013-02-13,98,98,98,115
13,2013-02-14,105,105,106,82
14,2013-02-15,115,120,130,72
15,2013-02-16,120,125,130,105
16,2013-02-17,125,127,130,110
17,2013-02-18,125,123,128,115
18,2013-02-19, , , , 
19,2013-02-20,120,118,125,128
20,2013-02-21,100,102,105,125
21,2013-02-22,100,100,107,70
22,2013-02-23,105,110,120,98
23,2013-02-24,108,115,125,120
24,2013-02-25,100,100,115,125
25,2013-02-26, , , , 
26,2013-02-27,95,100,105,115
27,2013-02-28,95,100,105,90
0,2013-03-01,92,90,95,103
1,2013-03-02,86,87,95,115
2,2013-03-03,92,94,100,104
3,2013-03-04,102,105,115,100
4,2013-03-05, , , , 
5,2013-03-06,95,98,110,125
6,2013-03-07,90,95,102,100
7,2013-03-08,90,95,102,90
8,2013-03-09,87,90,95,120
9,2013-03-10,90,92,95,67
10,2013-03-11,85,87,90,90
11,2013-03-12, , , , 
12,2013-03-13,80,82,85,130
13,2013-03-14,84,85,105,80
14,2013-03-15,85,86,95,100
15,2013-03-16,82,84,94,125
16,2013-03-17,85,90,98,122
17,2013-03-18,88,92,102,120
18,2013-03-19, , , , 
19,2013-03-20,90,92,100,140
20,2013-03-21,83,87,92,135
21,2013-03-22,88,94,110,70
22,2013-03-23,80,84,90,170
23,2013-03-24,80,80,87,170
24,2013-03-25,78,80,90,178
25,2013-03-26, , , , 
26,2013-03-27,82,80,88,170
27,2013-03-28,83,87,90,85
28,2013-03-29,80,82,85,85
29,2013-03-30,75,78,82,130
30,2013-03-31,78,80,82,122
0,2013-04-01,73,75,78,120
1,2013-04-02, , , , 
2,2013-04-03,74,74,75,128
3,2013-04-04,72,70,73,115
4,2013-04-05,68,65,70,125
5,2013-04-06,64,63,65,143
6,2013-04-07,65,65,65,140
7,2013-04-08,65,63,65,180
8,2013-04-09, , , , 
9,2013-04-10,66,65,63,155
10,2013-04-11,62,60,62,78
11,2013-04-12,64,62,64,45
12,2013-04-13,60,58,60,90
13,2013-04-14,60,60,55,95
14,2013-04-15,64,63,58,70
15,2013-04-16, , , , 
16,2013-04-17,64,62,60,98
17,2013-04-18,64,62,60,80
18,2013-04-19,70,67,78,80
19,2013-04-20,75,80,85,133
20,2013-04-21,82,80,85,145
21,2013-04-22,84,83,84,155
22,2013-04-23, , , , 
23,2013-04-24,76,75,76,175
24,2013-04-25,76,78,90,90
25,2013-04-26,70,72,77,140
26,2013-04-27,72,73,78,130
27,2013-04-28,70,68,72,175
28,2013-04-29,70,68,74,140
29,2013-04-30, , , , 
0,2013-05-01,66,65,72,165
1,2013-05-02,65,63,68,130
2,2013-05-03,64,62,66,115
3,2013-05-04,66,68,72,130
4,2013-05-05,75,72,80,140
5,2013-05-06,72,72,75,140
6,2013-05-07, , , , 
7,2013-05-08,72,70,72,153
8,2013-05-09,72,70,73,110
9,2013-05-10,72,72,70,105
10,2013-05-11,76,75,76,130
11,2013-05-12,80,78,75,135
12,2013-05-13,85,82,85,110
13,2013-05-14, , , , 
14,2013-05-15,90,87,85,140
15,2013-05-16,85,84,85,118
16,2013-05-17,85,83,85,100
17,2013-05-18,85,83,83,145
18,2013-05-19,80,75,75,185
19,2013-05-20,75,72,73,150
20,2013-05-21, , , , 
21,2013-05-22,80,77,75,133
22,2013-05-23,80,78,76,130
23,2013-05-24,80,78,76,125
24,2013-05-25,82,80,78,130
25,2013-05-26,82,80,78,160
26,2013-05-27,78,76,72,170
27,2013-05-28, , , , 
28,2013-05-29,80,77,75,155
29,2013-05-30,78,75,70,155
30,2013-05-31,80,76,73,120
0,2013-06-01,82,80,77,135
1,2013-06-02,85,82,78,155
2,2013-06-03,87,84,80,140
3,2013-06-04, , , , 
4,2013-06-05,86,82,78,170
5,2013-06-06,83,80,75,140
6,2013-06-07,83,80,75,130
7,2013-06-08,84,81,78,140
8,2013-06-09,85,82,78,160
9,2013-06-10,83,80,75,150
10,2013-06-11, , , , 
11,2013-06-12,83,80,75,165
12,2013-06-13,85,82,78,110
13,2013-06-14,90,87,85,100
14,2013-06-15,100,96,95,150
15,2013-06-16,98,96,95,165
16,2013-06-17,90,88,86,160
17,2013-06-18, , , , 
18,2013-06-19,85,84,83,175
19,2013-06-20,82,80,80,110
20,2013-06-21,80,77,78,120
21,2013-06-22,85,80,82,132
22,2013-06-23,85,82,82,170
23,2013-06-24,90,88,86,160
24,2013-06-25, , , , 
25,2013-06-26,92,90,88,155
26,2013-06-27,86,85,86,140
27,2013-06-28,88,86,88,105
28,2013-06-29,88,82,83,150
29,2013-06-30,85,83,82,165
0,2013-07-01,88,86,90,125
1,2013-07-02, , , , 
2,2013-07-03,82,80,78,185
3,2013-07-04,80,77,75,130
4,2013-07-05,80,75,76,122
5,2013-07-06,80,77,76,155
6,2013-07-07,80,76,75,168
7,2013-07-08,80,78,78,140
8,2013-07-09, , , , 
9,2013-07-10,80,77,78,170
10,2013-07-11,78,75,76,110
11,2013-07-12,72,70,70,130
12,2013-07-13,72,70,70,140
13,2013-07-14,72,68,70,155
14,2013-07-15,71,68,67,130
15,2013-07-16, , , , 
16,2013-07-17,70,67,66,175
17,2013-07-18,68,65,63,130
18,2013-07-19,70,68,68,100
19,2013-07-20,73,70,70,140
20,2013-07-21,80,75,76,138
21,2013-07-22,82,80,80,145
22,2013-07-23, , , , 
23,2013-07-24,76,74,73,152
24,2013-07-25,72,68,70,100
25,2013-07-26,68,66,72,120
26,2013-07-27,72,68,70,120
27,2013-07-28,75,72,72,140
28,2013-07-29,73,70,70,130
29,2013-07-30, , , , 
30,2013-07-31,80,77,78,105
0,2013-08-01,90,90,95,65
1,2013-08-02,84,80,78,150
2,2013-08-03,85,82,83,105
3,2013-08-04,85,85,90,132
4,2013-08-05,86,85,90,105
5,2013-08-06, , , , 
6,2013-08-07,98,95,102,150
7,2013-08-08,95,92,92,202
8,2013-08-09, , , , 
9,2013-08-10,85,84,85,160
10,2013-08-11,88,85,90,125
11,2013-08-12,90,88,93,130
12,2013-08-13, , , , 
13,2013-08-14,95,94,95,200
14,2013-08-15, , , , 
15,2013-08-16,94,90,92,130
16,2013-08-17,97,95,100,90
17,2013-08-18,93,90,88,120
18,2013-08-19,92,88,88,120
19,2013-08-20, , , , 
20,2013-08-21,98,94,97,135
21,2013-08-22,95,92,92,125
22,2013-08-23,96,95,98,95
23,2013-08-24,100,100,102,125
24,2013-08-25,103,100,105,125
25,2013-08-26,108,105,108,135
26,2013-08-27, , , , 
27,2013-08-28,108,108,115,95
28,2013-08-29,100,100,100,110
29,2013-08-30,96,95,98,95
30,2013-08-31,93,92,95,125
0,2013-09-01,90,90,90,150
1,2013-09-02,92,90,92,115
2,2013-09-03, , , , 
3,2013-09-04,95,94,94,120
4,2013-09-05,90,88,90,125
5,2013-09-06,90,90,95,85
6,2013-09-07,92,90,95,112
7,2013-09-08,93,92,95,125
8,2013-09-09,95,93,95,110
9,2013-09-10, , , , 
10,2013-09-11,85,88,90,148
11,2013-09-12,80,82,82,110
12,2013-09-13,77,75,78,110
13,2013-09-14,80,83,82,110
14,2013-09-15,81,80,84,145
15,2013-09-16,84,82,85,125
16,2013-09-17, , , , 
17,2013-09-18,86,87,100,125
18,2013-09-19,85,82,86,110
19,2013-09-20,85,87,97,80
20,2013-09-21,82,83,88,130
21,2013-09-22,82,83,92,115
22,2013-09-23,80,78,90,125
23,2013-09-24, , , , 
24,2013-09-25,70,70,75,150
25,2013-09-26,70,70,80,80
26,2013-09-27,68,70,85,105
27,2013-09-28,68,68,75,130
28,2013-09-29,70,70,75,120
29,2013-09-30,76,78,85,160
0,2013-10-01, , , , 
1,2013-10-02,78,78,82,85
2,2013-10-03,80,79,82,120
3,2013-10-04,76,78,82,110
4,2013-10-05,70,75,85,50
5,2013-10-06,80,79,82,120
6,2013-10-07,70,72,75,60
7,2013-10-08, , , , 
8,2013-10-09,74,72,76,70
9,2013-10-10,70,72,77,65
10,2013-10-11,72,73,87,60
11,2013-10-12,78,82,87,80
12,2013-10-13,76,78,85,200
13,2013-10-14,72,75,88,160
14,2013-10-15, , , , 
15,2013-10-16, , , , 
16,2013-10-17,70,75,88,110
17,2013-10-18,65,68,80,130
18,2013-10-19,62,65,77,130
19,2013-10-20,56,62,68,150
20,2013-10-21,65,67,85,120
21,2013-10-22, , , , 
22,2013-10-23,66,70,82,145
23,2013-10-24,62,68,82,130
24,2013-10-25,58,62,80,140
25,2013-10-26,58,64,72,160
26,2013-10-27,60,62,75,175
27,2013-10-28,56,60,68,180
28,2013-10-29, , , , 
29,2013-10-30,58,62,70,150
30,2013-10-31,53,55,67,150
0,2013-11-01,58,65,75,110
1,2013-11-02,55,62,70,165
2,2013-11-03,53,58,66,100
3,2013-11-04,50,53,60,140
4,2013-11-05, , , , 
5,2013-11-06,64,65,75,140
6,2013-11-07,67,68,85,100
7,2013-11-08,62,65,72,140
8,2013-11-09,68,72,90,90
9,2013-11-10,74,75,90,135
10,2013-11-11,75,75,85,150
11,2013-11-12, , , , 
12,2013-11-13,76,78,88,135
13,2013-11-14,72,75,85,95
14,2013-11-15,70,72,78,140
15,2013-11-16,67,70,80,130
16,2013-11-17,65,70,88,135
17,2013-11-18,60,63,72,135
18,2013-11-19, , , , 
19,2013-11-20,66,68,72,135
20,2013-11-21,63,65,70,115
21,2013-11-22,65,68,80,120
22,2013-11-23,72,75,85,120
23,2013-11-24,70,72,75,155
24,2013-11-25,70,72,75,125
25,2013-11-26, , , , 
26,2013-11-27,72,70,75,140
27,2013-11-28,70,72,80,110
28,2013-11-29,70,72,80,110
29,2013-11-30,71,72,82,130
0,2013-12-01,70,72,75,150
1,2013-12-02,70,70,74,130
2,2013-12-03, , , , 
3,2013-12-04,70,70,72,150
4,2013-12-05,74,75,82,115
5,2013-12-06,80,82,87,110
6,2013-12-07,83,85,90,130
7,2013-12-08,84,85,90,130
8,2013-12-09,80,80,82,135
9,2013-12-10, , , , 
10,2013-12-11,82,80,85,132
11,2013-12-12,76,74,80,130
12,2013-12-13,72,70,74,105
13,2013-12-14,86,85,90,85
14,2013-12-15,85,84,88,145
15,2013-12-16,92,94,95,110
16,2013-12-17, , , , 
17,2013-12-18,98,96,102,120
18,2013-12-19,92,90,95,102
19,2013-12-20,96,95,98,90
20,2013-12-21,93,92,95,125
21,2013-12-22,93,92,95,130
22,2013-12-23,94,93,96,125
23,2013-12-24, , , , 
24,2013-12-25,97,95,100,150
25,2013-12-26,95,93,97,115
26,2013-12-27,98,100,115,80
27,2013-12-28,95,95,98,125
28,2013-12-29,97,95,100,130
29,2013-12-30,102,105,110,140
30,2013-12-31, , , , 
0,2014-01-01,103,102,103,135
1,2014-01-02,104,102,105,110
2,2014-01-03,102,100,106,85
3,2014-01-04,102,100,105,85
4,2014-01-05,100,100,100,115
5,2014-01-06,105,104,110,90
6,2014-01-07, , , , 
7,2014-01-08,97,95,100,140
8,2014-01-09,97,95,103,80
9,2014-01-10,93,92,102,75
10,2014-01-11,90,88,93,115
11,2014-01-12,88,85,90,120
12,2014-01-13,88,85,90,120
13,2014-01-14, , , , 
14,2014-01-15,92,90,95,105
15,2014-01-16,94,92,105,80
16,2014-01-17,98,97,108,80
17,2014-01-18,108,105,115,80
18,2014-01-19,108,106,110,135
19,2014-01-20,107,105,102,115
20,2014-01-21, , , , 
21,2014-01-22,93,92,92,140
22,2014-01-23,95,98,108,50
23,2014-01-24,92,93,95,115
24,2014-01-25,92,95,100,160
25,2014-01-26,92,90,95,90
26,2014-01-27,85,85,88,110
27,2014-01-28, , , , 
28,2014-01-29,82,80,88,120
29,2014-01-30,78,76,83,100
30,2014-01-31,75,73,78,80
0,2014-02-01,78,75,83,115
1,2014-02-02,90,88,100,110
2,2014-02-03,85,83,95,135
3,2014-02-04, , , , 
4,2014-02-05,80,77,82,140
5,2014-02-06,76,78,80,100
6,2014-02-07,72,75,82,100
7,2014-02-08,76,78,90,120
8,2014-02-09,75,77,82,175
9,2014-02-10,75,77,82,120
10,2014-02-11, , , , 
11,2014-02-12,70,74,77,165
12,2014-02-13,65,68,72,130
13,2014-02-14,65,65,70,120
14,2014-02-15,70,72,75,125
15,2014-02-16,75,78,82,150
16,2014-02-17,74,75,80,145
17,2014-02-18, , , , 
18,2014-02-19,68,72,77,155
19,2014-02-20,65,67,70,125
20,2014-02-21,64,67,75,110
21,2014-02-22,70,72,85,135
22,2014-02-23,67,70,78,165
23,2014-02-24,64,65,73,125
24,2014-02-25, , , , 
25,2014-02-26,62,65,72,160
26,2014-02-27,60,62,67,80
27,2014-02-28,66,70,80,100
0,2014-03-01,68,73,82,150
1,2014-03-02,70,74,80,150
2,2014-03-03,63,65,75,160
3,2014-03-04, , , , 
4,2014-03-05,60,64,70,155
5,2014-03-06,63,68,72,90
6,2014-03-07,68,70,78,130
7,2014-03-08,68,70,75,150
8,2014-03-09,65,70,75,180
9,2014-03-10,63,65,70,125
10,2014-03-11, , , , 
11,2014-03-12,65,67,70,150
12,2014-03-13,60,62,65,150
13,2014-03-14,60,63,68,130
14,2014-03-15,60,63,72,190
15,2014-03-16,75,76,85,200
16,2014-03-17,65,65,70,225
17,2014-03-18, , , , 
18,2014-03-19,53,55,60,180
19,2014-03-20,56,58,62,55
20,2014-03-21,56,60,65,110
21,2014-03-22,58,62,72,140
22,2014-03-23,55,58,65,170
23,2014-03-24,57,58,62,165
24,2014-03-25, , , , 
25,2014-03-26,54,55,60,170
26,2014-03-27,48,52,55,165
27,2014-03-28,50,53,58,125
28,2014-03-29,60,62,65,150
29,2014-03-30,56,58,67,150
30,2014-03-31,50,50,50,90
0,2014-04-01, , , , 
1,2014-04-02,54,54,55,90
2,2014-04-03,52,52,52,100
3,2014-04-04,52,53,55,65
4,2014-04-05,52,54,54,120
5,2014-04-06,55,56,58,100
6,2014-04-07,55,58,62,110
7,2014-04-08, , , , 
8,2014-04-09,73,77,82,200
9,2014-04-10,76,78,80,140
10,2014-04-11,72,75,80,150
11,2014-04-12,70,72,75,185
12,2014-04-13,66,70,76,150
13,2014-04-14,58,60,65,150
14,2014-04-15, , , , 
15,2014-04-16,62,65,70,145
16,2014-04-17,60,62,68,145
17,2014-04-18,62,64,70,130
18,2014-04-19,66,70,75,150
19,2014-04-20,70,72,78,160
20,2014-04-21,65,67,68,155
21,2014-04-22, , , , 
22,2014-04-23,68,70,75,180
23,2014-04-24,64,65,72,135
24,2014-04-25,60,62,65,135
25,2014-04-26,62,62,64,160
26,2014-04-27,64,63,62,150
27,2014-04-28,70,70,70,135
28,2014-04-29, , , , 
29,2014-04-30,78,75,75,145
0,2014-05-01,78,75,70,115
1,2014-05-02,80,78,75,105
2,2014-05-03,83,82,80,150
3,2014-05-04,83,81,80,155
4,2014-05-05,80,75,75,140
5,2014-05-06, , , , 
6,2014-05-07,82,80,78,145
7,2014-05-08,76,70,68,150
8,2014-05-09,75,70,65,115
9,2014-05-10,80,75,72,135
10,2014-05-11,90,85,82,140
11,2014-05-12,95,92,88,140
12,2014-05-13, , , , 
13,2014-05-14,100,98,96,140
14,2014-05-15,93,90,90,100
15,2014-05-16,90,88,85,130
16,2014-05-17,82,80,75,155
17,2014-05-18,85,82,82,145
18,2014-05-19,84,82,82,125
19,2014-05-20, , , , 
20,2014-05-21,85,82,83,140
21,2014-05-22,82,80,80,100
22,2014-05-23,83,80,80,110
23,2014-05-24,86,82,80,155
24,2014-05-25,86,82,80,125
25,2014-05-26,85,83,85,120
26,2014-05-27, , , , 
27,2014-05-28,85,84,83,150
28,2014-05-29,78,78,76,100
29,2014-05-30,82,78,78,90
30,2014-05-31,84,83,83,140
0,2014-06-01,87,85,82,140
1,2014-06-02,84,82,82,130
2,2014-06-03, , , , 
3,2014-06-04,86,83,82,140
4,2014-06-05,82,80,77,120
5,2014-06-06,83,80,77,115
6,2014-06-07,85,80,77,135
7,2014-06-08,90,85,78,135
8,2014-06-09,94,87,82,115
9,2014-06-10, , , , 
10,2014-06-11,107,103,100,110
11,2014-06-12,103,97,92,105
12,2014-06-13,107,103,102,120
13,2014-06-14,112,110,108,110
14,2014-06-15,105,102,98,160
15,2014-06-16,100,93,92,140
16,2014-06-17, , , , 
17,2014-06-18,95,90,87,135
18,2014-06-19,92,90,83,100
19,2014-06-20,93,90,84,100
20,2014-06-21,97,93,87,120
21,2014-06-22,97,92,84,150
22,2014-06-23,97,92,85,120
23,2014-06-24, , , , 
24,2014-06-25,100,95,90,140
25,2014-06-26,100,95,90,100
26,2014-06-27,100,95,90,100
27,2014-06-28,105,102,96,140
28,2014-06-29,105,100,93,130
29,2014-06-30,100,95,90,125
0,2014-07-01, , , , 
1,2014-07-02,93,90,88,150
2,2014-07-03,88,85,85,80
3,2014-07-04,85,83,82,95
4,2014-07-05,80,78,75,140
5,2014-07-06,77,73,70,150
6,2014-07-07,82,78,74,100
7,2014-07-08, , , , 
8,2014-07-09,92,87,82,140
9,2014-07-10,92,86,82,135
10,2014-07-11,93,87,82,130
11,2014-07-12,92,86,82,135
12,2014-07-13,87,82,75,140
13,2014-07-14,92,88,85,115
14,2014-07-15, , , , 
15,2014-07-16,84,80,75,140
16,2014-07-17,80,75,75,60
17,2014-07-18,96,92,90,50
18,2014-07-19,92,88,86,150
19,2014-07-20,92,88,85,120
20,2014-07-21,85,80,78,110
21,2014-07-22, , , , 
22,2014-07-23,88,85,84,100
23,2014-07-24,85,85,85,75
24,2014-07-25,92,92,95,75
25,2014-07-26,88,85,87,140
26,2014-07-27,85,84,83,130
27,2014-07-28,88,88,92,175
28,2014-07-29, , , , 
29,2014-07-30,83,80,80,165
30,2014-07-31,76,76,76,80
0,2014-08-01,75,74,80,85
1,2014-08-02,80,78,88,115
2,2014-08-03,72,74,80,150
3,2014-08-04,70,70,73,110
4,2014-08-05, , , , 
5,2014-08-06,68,68,70,130
6,2014-08-07,68,70,72,80
7,2014-08-08,70,72,74,100
8,2014-08-09,85,87,92,120
9,2014-08-10,75,77,82,190
10,2014-08-11,76,76,78,140
11,2014-08-12, , , , 
12,2014-08-13,80,83,90,140
13,2014-08-14,80,82,87,195
14,2014-08-15, , , , 
15,2014-08-16,80,80,82,190
16,2014-08-17,70,75,78,100
17,2014-08-18,65,68,72,85
18,2014-08-19, , , , 
19,2014-08-20,78,77,77,170
20,2014-08-21,74,76,80,120
21,2014-08-22,70,72,75,130
22,2014-08-23,76,77,80,115
23,2014-08-24,73,73,75,160
24,2014-08-25,78,78,78,135
25,2014-08-26, , , , 
26,2014-08-27,80,80,82,145
27,2014-08-28,78,78,83,115
28,2014-08-29,77,77,80,105
29,2014-08-30,73,74,77,140
30,2014-08-31,78,78,83,110
0,2014-09-01,77,77,82,120
1,2014-09-02, , , , 
2,2014-09-03,76,76,78,160
3,2014-09-04,72,74,78,85
4,2014-09-05,77,78,82,85
5,2014-09-06,78,80,84,130
6,2014-09-07,73,75,78,160
7,2014-09-08,72,72,75,120
8,2014-09-09, , , , 
9,2014-09-10,70,70,72,140
10,2014-09-11,70,70,72,100
11,2014-09-12,70,70,72,100
12,2014-09-13,72,70,70,120
13,2014-09-14,78,76,75,130
14,2014-09-15,82,82,85,125
15,2014-09-16, , , , 
16,2014-09-17,78,78,78,135
17,2014-09-18,70,70,72,115
18,2014-09-19,77,77,80,70
19,2014-09-20,73,73,72,145
20,2014-09-21,76,76,76,135
21,2014-09-22,74,74,75,130
22,2014-09-23, , , , 
23,2014-09-24,74,74,75,135
24,2014-09-25,72,72,78,60
25,2014-09-26,66,68,78,60
26,2014-09-27,66,66,72,60
27,2014-09-28,66,66,70,60
28,2014-09-29,68,70,75,55
29,2014-09-30, , , , 
0,2014-10-01,72,75,88,130
1,2014-10-02,72,73,80,60
2,2014-10-03,72,73,82,200
3,2014-10-04,70,75,90,140
4,2014-10-05,72,75,82,200
5,2014-10-06,75,77,85,30
6,2014-10-07, , , , 
7,2014-10-08,65,70,76,175
8,2014-10-09,64,66,82,70
9,2014-10-10,68,70,75,105
10,2014-10-11,64,70,78,105
11,2014-10-12,67,70,78,165
12,2014-10-13,67,70,76,135
13,2014-10-14, , , , 
14,2014-10-15,73,72,75,140
15,2014-10-16,75,78,87,90
16,2014-10-17,76,78,90,130
17,2014-10-18,75,78,85,160
18,2014-10-19,75,78,85,160
19,2014-10-20,73,75,82,155
20,2014-10-21, , , , 
21,2014-10-22,72,75,83,150
22,2014-10-23,68,72,75,80
23,2014-10-24,74,75,82,90
24,2014-10-25,82,85,90,170
25,2014-10-26,80,82,85,150
26,2014-10-27,80,82,86,80
27,2014-10-28, , , , 
28,2014-10-29,80,83,90,115
29,2014-10-30,80,82,86,110
30,2014-10-31,78,80,85,120
0,2014-11-01,78,82,86,125
1,2014-11-02,78,80,88,140
2,2014-11-03,76,78,84,140
3,2014-11-04, , , , 
4,2014-11-05,74,75,80,140
5,2014-11-06,70,72,75,75
6,2014-11-07,73,75,82,90
7,2014-11-08,76,75,78,120
8,2014-11-09,80,80,80,135
9,2014-11-10,82,82,85,125
10,2014-11-11, , , , 
11,2014-11-12,75,77,80,165
12,2014-11-13,76,75,80,95
13,2014-11-14,73,73,76,120
14,2014-11-15,78,80,85,110
15,2014-11-16,76,77,80,140
16,2014-11-17,75,78,84,140
17,2014-11-18, , , , 
18,2014-11-19,73,75,80,135
19,2014-11-20,75,76,80,100
20,2014-11-21,75,78,82,110
21,2014-11-22,76,78,83,140
22,2014-11-23,75,77,83,145
23,2014-11-24,74,78,83,110
24,2014-11-25, , , , 
25,2014-11-26,75,77,80,140
26,2014-11-27,73,74,75,110
27,2014-11-28,70,72,75,105
28,2014-11-29,70,72,75,120
29,2014-11-30,68,70,72,145
0,2014-12-01,67,68,74,125
1,2014-12-02, , , , 
2,2014-12-03,80,78,85,115
3,2014-12-04,76,75,76,130
4,2014-12-05,74,74,75,100
5,2014-12-06,72,73,75,130
6,2014-12-07,78,80,82,115
7,2014-12-08,78,78,80,120
8,2014-12-09, , , , 
9,2014-12-10,76,78,78,150
10,2014-12-11,78,80,85,80
11,2014-12-12,80,82,84,95
12,2014-12-13,86,87,90,115
13,2014-12-14,86,85,90,120
14,2014-12-15,88,90,95,115
15,2014-12-16, , , , 
16,2014-12-17,83,83,85,155
17,2014-12-18,80,80,84,90
18,2014-12-19,78,76,80,95
19,2014-12-20,75,76,78,130
20,2014-12-21,75,75,78,130
21,2014-12-22,78,75,80,120
22,2014-12-23, , , , 
23,2014-12-24,76,76,80,130
24,2014-12-25,77,78,80,130
25,2014-12-26,78,80,84,110
26,2014-12-27,84,85,90,110
27,2014-12-28,85,88,92,125
28,2014-12-29,80,82,85,130
29,2014-12-30, , , , 
30,2014-12-31,75,76,85,185
0,2015-01-01,78,82,85,85
1,2015-01-02,78,80,84,130
2,2015-01-03,76,78,82,110
3,2015-01-04,75,75,77,130
4,2015-01-05,75,76,76,80
5,2015-01-06, , , , 
6,2015-01-07,74,75,75,120
7,2015-01-08,72,73,75,100
8,2015-01-09,73,71,75,100
9,2015-01-10,71,71,75,125
10,2015-01-11,73,73,75,125
11,2015-01-12,73,73,78,120
12,2015-01-13, , , , 
13,2015-01-14,73,74,76,135
14,2015-01-15,70,72,75,100
15,2015-01-16,70,68,78,110
16,2015-01-17,69,70,75,120
17,2015-01-18,75,75,78,120
18,2015-01-19,78,80,85,110
19,2015-01-20, , , , 
20,2015-01-21,75,75,90,150
21,2015-01-22,70,73,78,115
22,2015-01-23,71,73,80,95
23,2015-01-24,72,72,80,170
24,2015-01-25,82,85,90,160
25,2015-01-26, , , , 
26,2015-01-27, , , , 
27,2015-01-28,68,70,75,180
28,2015-01-29,61,63,70,100
29,2015-01-30,64,66,75,90
30,2015-01-31,72,72,80,115
0,2015-02-01,65,68,75,165
1,2015-02-02,72,70,75,120
2,2015-02-03, , , , 
3,2015-02-04,70,72,77,155
4,2015-02-05,68,70,77,130
5,2015-02-06,68,71,76,115
6,2015-02-07,69,71,76,140
7,2015-02-08,70,72,75,140
8,2015-02-09,66,70,75,140
9,2015-02-10, , , , 
10,2015-02-11,65,68,75,140
11,2015-02-12,63,65,70,140
12,2015-02-13,65,66,70,115
13,2015-02-14,66,68,72,135
14,2015-02-15,67,68,72,145
15,2015-02-16,63,66,72,150
16,2015-02-17, , , , 
17,2015-02-18,64,67,73,140
18,2015-02-19,60,63,68,120
19,2015-02-20,64,66,70,120
20,2015-02-21,65,68,72,130
21,2015-02-22,70,72,76,135
22,2015-02-23,68,70,72,140
23,2015-02-24, , , , 
24,2015-02-25,66,68,73,140
25,2015-02-26,63,65,68,100
26,2015-02-27,64,66,68,105
27,2015-02-28,68,70,72,120
0,2015-03-01,67,68,72,155
1,2015-03-02,68,70,75,100
2,2015-03-03, , , , 
3,2015-03-04,66,68,75,180
4,2015-03-05,73,75,80,210
5,2015-03-06,68,68, ,200
6,2015-03-07,72,75,85,100
7,2015-03-08,68,70,73,140
8,2015-03-09,66,68,70,100
9,2015-03-10, , , , 
10,2015-03-11,60,62,68,140
11,2015-03-12,58,60,64,110
12,2015-03-13,58,60,64,125
13,2015-03-14,58,57,58,155
14,2015-03-15,58,58,58,150
15,2015-03-16,58,60,62,135
16,2015-03-17, , , , 
17,2015-03-18,58,58,60,160
18,2015-03-19,55,55,55,130
19,2015-03-20,47,48,48,115
20,2015-03-21,47,48,50,80
21,2015-03-22,46,47,48,115
22,2015-03-23,52,50,50,65
23,2015-03-24, , , , 
24,2015-03-25,55,57,58,100
25,2015-03-26,50,50,50,100
26,2015-03-27,56,56,56,65
27,2015-03-28,64,65,75,120
28,2015-03-29,72,72,75,150
29,2015-03-30,80,83,92,155
30,2015-03-31, , , , 
0,2015-04-01,70,72,82,185
1,2015-04-02,67,70,75,115
2,2015-04-03,68,70,60,100
3,2015-04-04,72,75,87,125
4,2015-04-05,63,67,72,200
5,2015-04-06,68,72,78,120
6,2015-04-07, , , , 
7,2015-04-08,66,68,73,165
8,2015-04-09,63,65,70,125
9,2015-04-10,60,62,68,130
10,2015-04-11,64,66,74,140
11,2015-04-12,70,73,82,150
12,2015-04-13,64,64,70,170
13,2015-04-14, , , , 
14,2015-04-15,64,66,72,120
15,2015-04-16,60,63,65,125
16,2015-04-17,60,63,66,130
17,2015-04-18,63,65,68,130
18,2015-04-19,61,63,65,165
19,2015-04-20,58,60,62,160
20,2015-04-21, , , , 
21,2015-04-22,60,58,60,160
22,2015-04-23,60,62,80,135
23,2015-04-24,62,63,66,120
24,2015-04-25,72,70,75,130
25,2015-04-26,73,73,75,160
26,2015-04-27,74,75,76,150
27,2015-04-28, , , , 
28,2015-04-29,72,73,75,160
29,2015-04-30,70,70,72,115
0,2015-05-01,70,70,74,110
1,2015-05-02,74,70,78,135
2,2015-05-03,78,78,78,160
3,2015-05-04,78,78,77,135
4,2015-05-05, , , , 
5,2015-05-06,85,84,84,135
6,2015-05-07,86,85,83,125
7,2015-05-08,92,87,84,115
8,2015-05-09,98,93,90,130
9,2015-05-10,93,90,85,160
10,2015-05-11,90,85,82,140
11,2015-05-12, , , , 
12,2015-05-13,88,85,82,140
13,2015-05-14,85,82,80,135
14,2015-05-15,85,83,82,110
15,2015-05-16,90,88,86,130
16,2015-05-17,94,92,90,150
17,2015-05-18,92,88,83,140
18,2015-05-19, , , , 
19,2015-05-20,92,88,84,145
20,2015-05-21,92,90,85,100
21,2015-05-22,85,83,80,135
22,2015-05-23,92,86,80,135
23,2015-05-24,92,88,85,135
24,2015-05-25,93,90,87,125
25,2015-05-26, , , , 
26,2015-05-27,93,90,86,170
27,2015-05-28,95,92,90,90
28,2015-05-29,93,92,92,90
29,2015-05-30,96,93,93,125
30,2015-05-31,96,93,90,140
0,2015-06-01,97,94,92,140
1,2015-06-02, , , , 
2,2015-06-03,105,102,100,120
3,2015-06-04,102,100,98,110
4,2015-06-05,103,102,105,110
5,2015-06-06,100,100,104,140
6,2015-06-07,98,95,95,140
7,2015-06-08,93,90,92,150
8,2015-06-09, , , , 
9,2015-06-10,90,90,86,165
10,2015-06-11,88,85,85,105
11,2015-06-12,88,85,84,105
12,2015-06-13,95,92,90,120
13,2015-06-14,103,102,100,130
14,2015-06-15,98,98,95,165
15,2015-06-16, , , , 
16,2015-06-17,95,95,95,165
17,2015-06-18,90,87,85,105
18,2015-06-19,87,85,84,110
19,2015-06-20,88,85,84,115
20,2015-06-21,92,86,85,125
21,2015-06-22,94,92,92,110
22,2015-06-23, , , , 
23,2015-06-24,90,90,90,125
24,2015-06-25,90,90,90,120
25,2015-06-26,90,88,94,130
26,2015-06-27,92,90,95,130
27,2015-06-28,93,90,97,130
28,2015-06-29,90,88,92,120
29,2015-06-30, , , , 
0,2015-07-01,88,88,92,160
1,2015-07-02,85,85,85,120
2,2015-07-03,87,87,92,100
3,2015-07-04,87,87,92,130
4,2015-07-05,93,92,90,155
5,2015-07-06,90,88,88,140
6,2015-07-07, , , , 
7,2015-07-08,90,90,92,150
8,2015-07-09,90,90,92,130
9,2015-07-10,90,88,94,135
10,2015-07-11,96,96,100,115
11,2015-07-12,95,95,100,150
12,2015-07-13,90,90,95,135
13,2015-07-14, , , , 
14,2015-07-15,86,86,88,170
15,2015-07-16,84,85,86,120
16,2015-07-17,95,95,102,185
17,2015-07-18, , , , 
18,2015-07-19,88,88,88,140
19,2015-07-20,90,90,90,150
20,2015-07-21, , , , 
21,2015-07-22,86,87,87,165
22,2015-07-23,80,80,85,125
23,2015-07-24,80,82,85,95
24,2015-07-25,78,78,80,160
25,2015-07-26,78,78,80,150
26,2015-07-27,76,76,78,135
27,2015-07-28, , , , 
28,2015-07-29,77,77,78,160
29,2015-07-30,76,76,78,130
30,2015-07-31,76,76,78,110
0,2015-08-01,82,82,90,100
1,2015-08-02,78,78,82,140
2,2015-08-03,76,76,78,120
3,2015-08-04, , , , 
4,2015-08-05,72,72,74,140
5,2015-08-06,71,71,75,70
6,2015-08-07,70,70,75,100
7,2015-08-08,72,72,78,100
8,2015-08-09,70,70,78,120
9,2015-08-10,70,70,78,110
10,2015-08-11, , , , 
11,2015-08-12,71,71,78,120
12,2015-08-13,70,70,76,115
13,2015-08-14,72,72,77,200
14,2015-08-15, , , , 
15,2015-08-16,68,68,77,190
16,2015-08-17,63,63,68,150
17,2015-08-18, , , , 
18,2015-08-19,58,58,62,120
19,2015-08-20,56,57,60,100
20,2015-08-21,55,56,60,115
21,2015-08-22,60,60,75,115
22,2015-08-23,60,62,72,150
23,2015-08-24,58,60,70,120
24,2015-08-25, , , , 
25,2015-08-26,65,65,74,125
26,2015-08-27,60,62,70,125
27,2015-08-28,66,68,75,125
28,2015-08-29,68,70,76,190
29,2015-08-30,68,70,75,190
30,2015-08-31,65,68,85,180
0,2015-09-01, , , , 
1,2015-09-02,60,60,75,175
2,2015-09-03,60,60,70,115
3,2015-09-04,60,62,65,150
4,2015-09-05,62,64,70,70
5,2015-09-06,60,62,65,175
6,2015-09-07,64,66,74,170
7,2015-09-08, , , , 
8,2015-09-09,62,64,68,190
9,2015-09-10,60,62,65,135
10,2015-09-11,58,62,65,150
11,2015-09-12,60,62,68,145
12,2015-09-13,58,60,65,180
13,2015-09-14,56,58,60,180
14,2015-09-15, , , , 
15,2015-09-16,58,60,65,140
16,2015-09-17,63,65,72,110
17,2015-09-18,62,64,70,120
18,2015-09-19,67,69,80,145
19,2015-09-20,66,68,75,160
20,2015-09-21,64,66,70,160
21,2015-09-22, , , , 
22,2015-09-23,60,62,70,165
23,2015-09-24,62,63,72,185
24,2015-09-25, , , , 
25,2015-09-26,60,62,70,130
26,2015-09-27,58,60,63,150
27,2015-09-28,58,60,65,100
28,2015-09-29, , , , 
29,2015-09-30,58,60,62,150
0,2015-10-01,63,65,68,140
1,2015-10-02, , , , 
2,2015-10-03,70,70,72,150
3,2015-10-04,68,70,72,190
4,2015-10-05,58,62,67,150
5,2015-10-06, , , , 
6,2015-10-07,60,62,70,120
7,2015-10-08,58,60,62,100
8,2015-10-09,60,62,65,135
9,2015-10-10,58,60,65,170
10,2015-10-11,64,64,70,145
11,2015-10-12,62,65,77,145
12,2015-10-13, , , , 
13,2015-10-14,62,64,85,90
14,2015-10-15,58,60,63,70
15,2015-10-16,60,62,65,35
16,2015-10-17,58,62,68,90
17,2015-10-18,57,58,60,90
18,2015-10-19,60,62,75,50
19,2015-10-20, , , , 
20,2015-10-21,60,62,70,175
21,2015-10-22,58,60,65,175
22,2015-10-23,60,62,70,120
23,2015-10-24,67,70,75,180
24,2015-10-25,70,70,80,175
25,2015-10-26,62,65,75,160
26,2015-10-27, , , , 
27,2015-10-28,60,63,70,140
28,2015-10-29,60,67,75,120
29,2015-10-30,58,62,74,115
30,2015-10-31,57,60,65,145
0,2015-11-01,58,60,68,160
1,2015-11-02,56,60,67,160
2,2015-11-03, , , , 
3,2015-11-04,55,60,65,170
4,2015-11-05,55,58,65,140
5,2015-11-06,55,58,60,125
6,2015-11-07,60,64,70,125
7,2015-11-08,57,60,65,160
8,2015-11-09,58,62,65,140
9,2015-11-10, , , , 
10,2015-11-11,62,65,72,125
11,2015-11-12,63,65,72,120
12,2015-11-13,64,66,70,155
13,2015-11-14,67,69,80,160
14,2015-11-15,66,68,75,160
15,2015-11-16,66,68,74,120
16,2015-11-17, , , , 
17,2015-11-18,66,70,75,150
18,2015-11-19,62,65,72,150
19,2015-11-20,65,68,73,105
20,2015-11-21,65,68,72,155
21,2015-11-22,64,68,68,160
22,2015-11-23,63,64,65,135
23,2015-11-24, , , , 
24,2015-11-25,63,65,68,135
25,2015-11-26,65,67,70,125
26,2015-11-27,67,68,70,130
27,2015-11-28,70,72,75,150
28,2015-11-29,76,77,82,140
29,2015-11-30,75,76,78,140
0,2015-12-01, , , , 
1,2015-12-02,78,80,78,160
2,2015-12-03,74,76,80,125
3,2015-12-04,75,76,78,115
4,2015-12-05,78,80,84,130
5,2015-12-06,80,82,85,155
6,2015-12-07,83,85,95,90
7,2015-12-08, , , , 
8,2015-12-09,83,85,88,150
9,2015-12-10,82,83,86,115
10,2015-12-11,80,82,84,105
11,2015-12-12,84,85,88,120
12,2015-12-13,80,82,85,150
13,2015-12-14,83,84,87,110
14,2015-12-15, , , , 
15,2015-12-16,80,82,83,170
16,2015-12-17,78,78,80,110
17,2015-12-18,78,78,80,105
18,2015-12-19,80,80,90,120
19,2015-12-20,78,78,86,145
20,2015-12-21,80,80,82,130
21,2015-12-22, , , , 
22,2015-12-23,86,90,97,130
23,2015-12-24,92,95,105,150
24,2015-12-25,94,97,105,150
25,2015-12-26,90,90,95,135
26,2015-12-27,90,92,95,130
27,2015-12-28,85,87,90,130
28,2015-12-29, , , , 
29,2015-12-30,86,88,105,155
30,2015-12-31,83,85,92,175
0,2016-01-01,82,86,90,115
1,2016-01-02,82,84,88,160
2,2016-01-03,78,80,83,125
3,2016-01-04,78,78,82,85
4,2016-01-05, , , , 
5,2016-01-06,75,77,82,125
6,2016-01-07,72,73,76,100
7,2016-01-08,74,76,82,65
8,2016-01-09,75,75,80,120
9,2016-01-10,75,75,78,150
10,2016-01-11,76,76,82,110
11,2016-01-12, , , , 
12,2016-01-13,76,77,82,145
13,2016-01-14,73,75,80,120
14,2016-01-15,70,72,75,110
15,2016-01-16,75,75,80,110
16,2016-01-17,76,78,90,120
17,2016-01-18,80,84,95,110
18,2016-01-19, , , , 
19,2016-01-20,78,80,85,160
20,2016-01-21,75,77,86,100
21,2016-01-22,74,76,85,100
22,2016-01-23,75,78,95,100
23,2016-01-24,75,77,85,125
24,2016-01-25,74,76,84,155
25,2016-01-26, , , , 
26,2016-01-27,70,73,82,150
27,2016-01-28,68,70,72,90
28,2016-01-29,66,68,80,90
29,2016-01-30,65,68,73,130
30,2016-01-31,65,67,70,135
0,2016-02-01,68,70,78,130
1,2016-02-02, , , , 
2,2016-02-03,76,78,87,130
3,2016-02-04,74,76,78,135
4,2016-02-05,68,72,75,130
5,2016-02-06,66,68,72,140
6,2016-02-07,72,75,80,115
7,2016-02-08,68,70,75,150
8,2016-02-09, , , , 
9,2016-02-10,70,72,80,150
10,2016-02-11,65,67,75,140
11,2016-02-12,68,70,78,110
12,2016-02-13,72,73,78,135
13,2016-02-14,68,70,78,155
14,2016-02-15,68,70,75,140
15,2016-02-16, , , , 
16,2016-02-17,70,70,72,155
17,2016-02-18,72,74,82,105
18,2016-02-19,70,72,78,130
19,2016-02-20,85,90,100,125
20,2016-02-21,118,125,135,125
21,2016-02-22,85,80,80,150
22,2016-02-23, , , , 
23,2016-02-24,68,68,73,165
24,2016-02-25,65,67,73,120
25,2016-02-26,64,66,75,135
26,2016-02-27,70,72,77,120
27,2016-02-28,70,70,75,150
28,2016-02-29,70,72,74,140
0,2016-03-01, , , , 
1,2016-03-02,70,72,75,150
2,2016-03-03,73,74,77,100
3,2016-03-04,78,78,82,120
4,2016-03-05,83,83,85,145
5,2016-03-06,83,84,88,125
6,2016-03-07,75,75,77,110
7,2016-03-08, , , , 
8,2016-03-09,76,76,80,140
9,2016-03-10,75,77,84,100
10,2016-03-11,77,78,85,120
11,2016-03-12,78,82,88,120
12,2016-03-13,80,82,84,145
13,2016-03-14,83,83,92,130
14,2016-03-15, , , , 
15,2016-03-16,82,84,88,155
16,2016-03-17,82,83,87,130
17,2016-03-18,80,82,83,125
18,2016-03-19,83,83,85,135
19,2016-03-20,83,83,85,160
20,2016-03-21,82,82,84,150
21,2016-03-22, , , , 
22,2016-03-23,90,88,88,200
23,2016-03-24,92,92,92,150
24,2016-03-25,93,90,88,125
25,2016-03-26,87,84,80,150
26,2016-03-27,92,87,85,130
27,2016-03-28,97,94,75,125
28,2016-03-29, , , , 
29,2016-03-30,100,97,94,130
30,2016-03-31,95,93,91,95
0,2016-04-01,90,88,85,125
1,2016-04-02,86,83,83,145
2,2016-04-03,87,83,80,150
3,2016-04-04,87,83,80,145
4,2016-04-05, , , , 
5,2016-04-06,90,85,82,145
6,2016-04-07,92,86,82,110
7,2016-04-08,85,82,78,90
8,2016-04-09,88,85,82,55
9,2016-04-10,86,83,80,100
10,2016-04-11,84,80,75,80
11,2016-04-12, , , , 
12,2016-04-13,84,80,80,90
13,2016-04-14,85,83,90,70
14,2016-04-15,90,87,95,90
15,2016-04-16,95,95,97,160
16,2016-04-17,96,97,100,160
17,2016-04-18,88,88,90,170
18,2016-04-19, , , , 
19,2016-04-20,86,82,85,165
20,2016-04-21,86,84,90,110
21,2016-04-22,84,82,86,120
22,2016-04-23,88,86,90,115
23,2016-04-24,90,88,92,150
24,2016-04-25,90,88,90,150
25,2016-04-26, , , , 
26,2016-04-27,93,90,93,145
27,2016-04-28,88,83,83,115
28,2016-04-29,88,85,88,110
29,2016-04-30,82,90,88,120
0,2016-05-01,98,95,95,130
1,2016-05-02,98,96,95,135
2,2016-05-03, , , , 
3,2016-05-04,102,100,98,150
4,2016-05-05,97,95,102,105
5,2016-05-06,98,95,102,110
6,2016-05-07,103,100,103,110
7,2016-05-08,102,100,104,145
8,2016-05-09,105,102,102,125
9,2016-05-10, , , , 
10,2016-05-11,104,102,100,140
11,2016-05-12,98,95,95,110
12,2016-05-13,98,95,95,100
13,2016-05-14,104,102,107,110
14,2016-05-15,105,102,102,135
15,2016-05-16,107,103,105,135
16,2016-05-17, , , , 
17,2016-05-18,105,103,105,145
18,2016-05-19,100,96,100,100
19,2016-05-20,100,96,100,100
20,2016-05-21,102,96,98,130
21,2016-05-22,104,100,102,140
22,2016-05-23,106,104,102,90
23,2016-05-24, , , , 
24,2016-05-25,110,106,108,120
25,2016-05-26,108,105,110,125
26,2016-05-27,106,103,112,95
27,2016-05-28,105,103,103,135
28,2016-05-29,107,107,110,120
29,2016-05-30,110,108,112,125
30,2016-05-31, , , , 
0,2016-06-01,105,103,108,155
1,2016-06-02,103,100,105,110
2,2016-06-03,105,95,100,110
3,2016-06-04,102,100,110,105
4,2016-06-05,100,96,102,140
5,2016-06-06,103,100,105,110
6,2016-06-07, , , , 
7,2016-06-08,105,102,106,130
8,2016-06-09,98,96,100,115
9,2016-06-10,100,97,102,95
10,2016-06-11,108,104,110,95
11,2016-06-12,102,98,105,170
12,2016-06-13,100,98,105,135
13,2016-06-14, , , , 
14,2016-06-15,98,96,100,140
15,2016-06-16,96,94,102,95
16,2016-06-17,96,94,100,115
17,2016-06-18,97,93,100,140
18,2016-06-19,88,88,93,155
19,2016-06-20,85,83,87,130
20,2016-06-21, , , , 
21,2016-06-22,83,80,83,140
22,2016-06-23,82,80,83,110
23,2016-06-24,92,90,97,95
24,2016-06-25,88,87,90,155
25,2016-06-26,88,85,90,150
26,2016-06-27,84,81,85,135
27,2016-06-28, , , , 
28,2016-06-29,88,85,95,135
29,2016-06-30,86,85,85,125
0,2016-07-01,90,86,88,130
1,2016-07-02,88,85,90,140
2,2016-07-03,93,93,98,130
3,2016-07-04,94,92,102,170
4,2016-07-05, , , , 
5,2016-07-06,95,92,102,185
6,2016-07-07, , , , 
7,2016-07-08,88,85,105,130
8,2016-07-09,85,82,90,160
9,2016-07-10,83,80,85,165
10,2016-07-11,83,80,80,160
11,2016-07-12, , , , 
12,2016-07-13,80,70,80,160
13,2016-07-14,76,73,77,120
14,2016-07-15,70,70,72,135
15,2016-07-16,70,70,74,145
16,2016-07-17,72,70,74,145
17,2016-07-18,71,68,72,160
18,2016-07-19, , , , 
19,2016-07-20,68,65,70,115
20,2016-07-21,60,57,60,140
21,2016-07-22,56,54,55,125
22,2016-07-23,58,55,58,125
23,2016-07-24,62,56,58,140
24,2016-07-25,62,60,72,125
25,2016-07-26, , , , 
26,2016-07-27,62,58,68,145
27,2016-07-28,57,55,60,120
28,2016-07-29,58,57,60,100
29,2016-07-30,60,58,62,120
30,2016-07-31,60,58,67,125
0,2016-08-01,60,58,70,115
1,2016-08-02, , , , 
2,2016-08-03,58,56,70,175
3,2016-08-04,52,52,57,130
4,2016-08-05,50,48,56,125
5,2016-08-06,48,48,56,150
6,2016-08-07,48,48,55,175
7,2016-08-08,48,48,56,170
8,2016-08-09, , , , 
9,2016-08-10,48,46,54,180
10,2016-08-11,47,47,52,150
11,2016-08-12,54,57,65,125
12,2016-08-13,72,72,80,100
13,2016-08-14,70,70,80,200
14,2016-08-15, , , , 
15,2016-08-16, , , , 
16,2016-08-17,58,58,62,205
17,2016-08-18,56,56,58,145
18,2016-08-19,60,60,62,170
19,2016-08-20,63,63,64,160
20,2016-08-21,60,62,65,200
21,2016-08-22,62,62,65,160
22,2016-08-23, , , , 
23,2016-08-24,56,56,60,190
24,2016-08-25,52,52,60,95
25,2016-08-26,57,57,65,130
26,2016-08-27,56,56,62,170
27,2016-08-28,57,57,60,170
28,2016-08-29,60,60,62,140
29,2016-08-30, , , , 
30,2016-08-31,64,64,66,150
0,2016-09-01,65,65,65,140
1,2016-09-02,60,60,67,160
2,2016-09-03,60,62,65,140
3,2016-09-04,58,58,65,170
4,2016-09-05,60,60,65,140
5,2016-09-06, , , , 
6,2016-09-07,55,55,60,190
7,2016-09-08,54,54,58,135
8,2016-09-09,50,50,55,145
9,2016-09-10,52,52,62,140
10,2016-09-11,50,52,60,160
11,2016-09-12,53,55,62,160
12,2016-09-13, , , , 
13,2016-09-14,56,56,60,110
14,2016-09-15,56,56,60,75
15,2016-09-16,56,56,60,110
16,2016-09-17,58,58,65,115
17,2016-09-18,64,64,70,105
18,2016-09-19,70,70,73,115
19,2016-09-20, , , , 
20,2016-09-21,76,78,84,145
21,2016-09-22,72,72,78,100
22,2016-09-23,66,66,70,120
23,2016-09-24,66,66,72,120
24,2016-09-25,64,64,68,150
25,2016-09-26,66,66,68,140
26,2016-09-27, , , , 
27,2016-09-28,68,68,70,145
28,2016-09-29,70,70,72,115
29,2016-09-30,72,72,74,115
0,2016-10-01,68,68,70,100
1,2016-10-02,65,65,65,60
2,2016-10-03,72,72,74,27
3,2016-10-04, , , , 
4,2016-10-05,68,68,71,80
5,2016-10-06,65,65,68,70
6,2016-10-07,63,63,68,55
7,2016-10-08,67,67,70,60
8,2016-10-09,70,70,75,95
9,2016-10-10,75,75,85,130
10,2016-10-11, , , , 
11,2016-10-12,85,85,100,190
12,2016-10-13,84,87,105,140
13,2016-10-14,78,82,100,135
14,2016-10-15,76,80,95,130
15,2016-10-16,76,80,100,170
16,2016-10-17,72,75,100,165
17,2016-10-18, , , , 
18,2016-10-19,75,78,87,100
19,2016-10-20,75,77,88,110
20,2016-10-21,72,75,85,125
21,2016-10-22,78,82,96,100
22,2016-10-23,78,80,92,140
23,2016-10-24,72,75,83,150
24,2016-10-25, , , , 
25,2016-10-26,74,77,85,110
26,2016-10-27,70,75,80,100
27,2016-10-28,70,75,84,105
28,2016-10-29,70,75,92,80
29,2016-10-30,72,73,82,645
30,2016-10-31,72,74,90,100
0,2016-11-01, , , , 
1,2016-11-02,82,85,95,130
2,2016-11-03,82,85,95,90
3,2016-11-04,83,85,100,95
4,2016-11-05,83,85,95,110
5,2016-11-06,86,90,102,80
6,2016-11-07,85,88,93,130
7,2016-11-08, , , , 
8,2016-11-09,88,90,105,135
9,2016-11-10,88,90,110,90
10,2016-11-11,88,90,110,65
11,2016-11-12,90,92,105,90
12,2016-11-13,86,90,95,135
13,2016-11-14,78,80,85,160
14,2016-11-15, , , , 
15,2016-11-16,72,74,77,125
16,2016-11-17,70,74,80,80
17,2016-11-18,68,72,75,115
18,2016-11-19,72,75,85,110
19,2016-11-20,70,74,84,40
20,2016-11-21,80,85,105,90
21,2016-11-22, , , , 
22,2016-11-23,80,83,95,140
23,2016-11-24,73,78,88,100
24,2016-11-25,72,74,88,100
25,2016-11-26,70,74,85,115
26,2016-11-27,70,74,85,120
27,2016-11-28,65,68,75,150
28,2016-11-29, , , , 
29,2016-11-30,65,70,75,125
0,2016-12-01,62,65,75,110
1,2016-12-02,60,62,72,105
2,2016-12-03,58,60,67,125
3,2016-12-04,58,60,67,120
4,2016-12-05,58,62,68,120
5,2016-12-06, , , , 
6,2016-12-07,62,65,75,125
7,2016-12-08,67,70,82,95
8,2016-12-09,74,78,92,85
9,2016-12-10,78,80,92,115
10,2016-12-11,76,78,85,140
11,2016-12-12,75,78,85,140
12,2016-12-13, , , , 
13,2016-12-14,68,70,75,150
14,2016-12-15,70,72,80,85
15,2016-12-16,67,70,85,125
16,2016-12-17,70,75,90,120
17,2016-12-18,74,76,78,130
18,2016-12-19,75,78,85,130
19,2016-12-20, , , , 
20,2016-12-21,77,80,88,130
21,2016-12-22,73,76,84,110
22,2016-12-23,72,7500104,85,110
23,2016-12-24,74,78,88,120
24,2016-12-25,73,78,88,165
25,2016-12-26,70,73,78,130
26,2016-12-27, , , , 
27,2016-12-28,74,77,85,115
28,2016-12-29,72,75,85,120
29,2016-12-30,73,75,88,140
30,2016-12-31,74,77,90,150
0,2017-01-01,74,77,84,140
1,2017-01-02,72,75,80,130
2,2017-01-03, , , , 
3,2017-01-04,70,72,78,135
4,2017-01-05,70,72,80,85
5,2017-01-06,74,76,82,90
6,2017-01-07,77,80,90,130
7,2017-01-08,82,82,88,150
8,2017-01-09,76,80,85,140
9,2017-01-10, , , , 
10,2017-01-11,80,82,100,120
11,2017-01-12,78,80,87,120
12,2017-01-13,80,82,90,115
13,2017-01-14,82,85,95,110
14,2017-01-15,82,84,90,125
15,2017-01-16,85,87,94,115
16,2017-01-17, , , , 
17,2017-01-18,88,90,102,125
18,2017-01-19,90,92,105,100
19,2017-01-20,92,94,105,110
20,2017-01-21,88,90,100,140
21,2017-01-22,87,90,100,125
22,2017-01-23,87,90,103,115
23,2017-01-24, , , , 
24,2017-01-25,85,88,100,195
25,2017-01-26, , , , 
26,2017-01-27,84,87,96,140
27,2017-01-28,82,84,93,125
28,2017-01-29,80,82,95,110
29,2017-01-30,78,80,92,115
30,2017-01-31, , , , 
0,2017-02-01,78,80,92,120
1,2017-02-02,77,80,87,100
2,2017-02-03,76,78,83,105
3,2017-02-04,77,78,86,150
4,2017-02-05,77,78,86,150
5,2017-02-06,78,80,95,125
6,2017-02-07, , , , 
7,2017-02-08,76,78,86,140
8,2017-02-09,75,80,86,105
9,2017-02-10,76,80,87,115
10,2017-02-11,76,78,87,130
11,2017-02-12,77,80,87,140
12,2017-02-13,78,80,92,135
13,2017-02-14, , , , 
14,2017-02-15,78,81,90,130
15,2017-02-16,80,82,95,110
16,2017-02-17,82,84,90,120
17,2017-02-18,80,82,90,130
18,2017-02-19,78,80,88,145
19,2017-02-20,76,78,85,130
20,2017-02-21, , , , 
21,2017-02-22,73,75,83,140
22,2017-02-23,72,75,87,105
23,2017-02-24,75,78,88,80
24,2017-02-25,75,78,88,125
25,2017-02-26,76,78,88,140
26,2017-02-27,78,80,95,130
27,2017-02-28, , , , 
0,2017-03-01,78,80,95,135
1,2017-03-02,76,78,95,120
2,2017-03-03,74,76,88,130
3,2017-03-04,76,78,92,110
4,2017-03-05,85,84,92,130
5,2017-03-06,86,88,105,130
6,2017-03-07, , , , 
7,2017-03-08,84,87,93,150
8,2017-03-09,82,85,88,110
9,2017-03-10,80,82,87,120
10,2017-03-11,88,90,105,130
11,2017-03-12,92,95,102,220
12,2017-03-13, , , , 
13,2017-03-14, , , , 
14,2017-03-15,75,76,85,115
15,2017-03-16,80,82,88,75
16,2017-03-17,78,80,83,110
17,2017-03-18,84,85,92,115
18,2017-03-19,85,87,93,135
19,2017-03-20,84,87,102,135
20,2017-03-21, , , , 
21,2017-03-22,88,90,100,135
22,2017-03-23,85,88,95,95
23,2017-03-24,84,84,90,110
24,2017-03-25,85,85,90,115
25,2017-03-26,88,90,96,115
26,2017-03-27,90,90,100,110
27,2017-03-28, , , , 
28,2017-03-29,85,87,92,90
29,2017-03-30,80,80,85,345
30,2017-03-31,78,78,82,350
0,2017-04-01,76,76,83,50
1,2017-04-02,80,80,85,80
2,2017-04-03,84,84,90,60
3,2017-04-04, , , , 
4,2017-04-05,96,98,105,115
5,2017-04-06,96,98,105,120
6,2017-04-07,95,97,106,75
7,2017-04-08,93,95,103,140
8,2017-04-09,95,97,108,150
9,2017-04-10,93,95,108,135
10,2017-04-11, , , , 
11,2017-04-12,86,89,100,150
12,2017-04-13,80,81,88,95
13,2017-04-14,78,80,85,120
14,2017-04-15,80,80,90,120
15,2017-04-16,84,87,88,115
16,2017-04-17,93,90,98,110
17,2017-04-18, , , , 
18,2017-04-19,97,97,102,125
19,2017-04-20,90,88,95,110
20,2017-04-21,83,81,85,110
21,2017-04-22,88,85,87,105
22,2017-04-23,105,100,100,85
23,2017-04-24,102,100,100,115
24,2017-04-25, , , , 
25,2017-04-26,100,100,100,145
26,2017-04-27,95,92,100,85
27,2017-04-28,94,92,92,100
28,2017-04-29,105,100,98,100
29,2017-04-30,107,103,103,110
0,2017-05-01,102,98,98,145
1,2017-05-02, , , , 
2,2017-05-03,102,100,100,130
3,2017-05-04,102,100,100,100
4,2017-05-05,105,102,102,110
5,2017-05-06,110,107,102,120
6,2017-05-07,112,110,105,115
7,2017-05-08,108,105,105,125
8,2017-05-09, , , , 
9,2017-05-10,104,102,100,130
10,2017-05-11,104,100,97,120
11,2017-05-12,108,104,103,85
12,2017-05-13,110,107,105,125
13,2017-05-14,108,106,104,120
14,2017-05-15,108,106,105,120
15,2017-05-16, , , , 
16,2017-05-17,110,108,112,120
17,2017-05-18,108,106,105,110
18,2017-05-19,110,108,110,90
19,2017-05-20,110,108,112,125
20,2017-05-21,108,107,109,130
21,2017-05-22,108,106,110,115
22,2017-05-23, , , , 
23,2017-05-24,110,108,110,115
24,2017-05-25,107,105,107,115
25,2017-05-26,105,105,105,115
26,2017-05-27,105,105,105,120
27,2017-05-28,105,105,105,125
28,2017-05-29,105,105,105,120
29,2017-05-30, , , , 
30,2017-05-31,102,100,100,135
0,2017-06-01,100,98,100,80
1,2017-06-02,98,95,102,125
2,2017-06-03,96,94,100,115
3,2017-06-04,95,94,96,125
4,2017-06-05,92,90,93,120
5,2017-06-06, , , , 
6,2017-06-07,88,86,92,125
7,2017-06-08,90,88,92,110
8,2017-06-09,90,90,95,110
9,2017-06-10,88,88,95,130
10,2017-06-11,85,85,92,120
11,2017-06-12,83,83,90,135
12,2017-06-13, , , , 
13,2017-06-14,85,83,88,125
14,2017-06-15,82,82,87,120
15,2017-06-16,80,80,84,120
16,2017-06-17,80,80,90,120
17,2017-06-18,76,76,85,140
18,2017-06-19,76,78,83,115
19,2017-06-20, , , , 
20,2017-06-21,78,78,85,115
21,2017-06-22,84,84,90,85
22,2017-06-23,83,83,88,130
23,2017-06-24,83,83,85,150
24,2017-06-25,92,92,97,165
25,2017-06-26, , , , 
26,2017-06-27, , , , 
27,2017-06-28,84,82,87,160
28,2017-06-29,80,80,88,100
29,2017-06-30,75,75,80,120
0,2017-07-01,84,84,90,100
1,2017-07-02,87,87,90,130
2,2017-07-03,83,80,84,160
3,2017-07-04, , , , 
4,2017-07-05,80,78,83,135
5,2017-07-06,73,72,77,120
6,2017-07-07,75,73,80,110
7,2017-07-08,82,80,87,110
8,2017-07-09,82,80,86,150
9,2017-07-10,76,74,78,135
10,2017-07-11, , , , 
11,2017-07-12,73,72,74,110
12,2017-07-13,68,66,70,85
13,2017-07-14,72,70,67,80
14,2017-07-15,70,68,73,105
15,2017-07-16,72,68,74,115
16,2017-07-17,72,70,78,95
17,2017-07-18, , , , 
18,2017-07-19,72,70,77,130
19,2017-07-20,75,72,82,70
20,2017-07-21,75,72,77,85
21,2017-07-22,77,74,80,120
22,2017-07-23,72,70,77,135
23,2017-07-24,68,66,75,110
24,2017-07-25, , , , 
25,2017-07-26,60,60,68,135
26,2017-07-27,55,55,60,100
27,2017-07-28,62,60,65,75
28,2017-07-29,62,62,67,120
29,2017-07-30,60,60,67,135
30,2017-07-31,60,60,68,115
0,2017-08-01, , , , 
1,2017-08-02,60,60,67,140
2,2017-08-03,60,60,68,100
3,2017-08-04,58,58,65,115
4,2017-08-05,57,57,67,125
5,2017-08-06,60,60,70,130
6,2017-08-07,64,64,70,140
7,2017-08-08, , , , 
8,2017-08-09,68,68,72,140
9,2017-08-10,68,68,75,125
10,2017-08-11,62,62,72,130
11,2017-08-12,60,62,72,135
12,2017-08-13,63,65,77,135
13,2017-08-14,60,62,75,150
14,2017-08-15, , , , 
15,2017-08-16,58,60,68,150
16,2017-08-17,56,58,66,115
17,2017-08-18,55,55,63,125
18,2017-08-19,55,55,62,130
19,2017-08-20,57,57,65,140
20,2017-08-21,58,58,60,140
21,2017-08-22, , , , 
22,2017-08-23,56,57,60,160
23,2017-08-24,53,55,58,120
24,2017-08-25,55,56,60,110
25,2017-08-26,56,58,60,130
26,2017-08-27,60,60,67,130
27,2017-08-28,67,68,70,135
28,2017-08-29, , , , 
29,2017-08-30,65,65,70,155
30,2017-08-31,62,62,65,125
0,2017-09-01,66,66,77,145
1,2017-09-02, , , , 
2,2017-09-03,63,65,72,140
3,2017-09-04,58,62,65,125
4,2017-09-05, , , , 
5,2017-09-06,55,56,62,135
6,2017-09-07,60,60,68,80
7,2017-09-08,58,60,66,120
8,2017-09-09,60,62,72,130
9,2017-09-10,62,64,74,135
10,2017-09-11,58,60,66,150
11,2017-09-12, , , , 
12,2017-09-13,65,65,70,135
13,2017-09-14,66,66,70,105
14,2017-09-15,70,72,80,95
15,2017-09-16,78,78,86,115
16,2017-09-17,80,80,85,150
17,2017-09-18,82,88,84,130
18,2017-09-19, , , , 
19,2017-09-20,76,76,85,150
20,2017-09-21,73,73,80,60
21,2017-09-22,68,68,73,50
22,2017-09-23,71,71,76,55
23,2017-09-24,71,73,80,60
24,2017-09-25,72,74,82,60
25,2017-09-26, , , , 
26,2017-09-27,77,77,85,80
27,2017-09-28,78,78,90,60
28,2017-09-29,78,80,92,130
29,2017-09-30,78,82,92,165
0,2017-10-01,78,80,100,170
1,2017-10-02,74,76,85,125
2,2017-10-03, , , , 
3,2017-10-04,73,76,92,110
4,2017-10-05,78,82,100,100
5,2017-10-06,78,84,105,130
6,2017-10-07,75,78,95,130
7,2017-10-08,75,80,102,95
8,2017-10-09,75,78,92,125
9,2017-10-10, , , , 
10,2017-10-11,75,78,92,140140
11,2017-10-12,72,75,87,140
12,2017-10-13,68,72,90,130
13,2017-10-14,75,78,92,120
14,2017-10-15,78,82,95,125
15,2017-10-16,78,84,100,140
16,2017-10-17, , , , 
17,2017-10-18,76,80,90,140
18,2017-10-19,75,78,88,60
19,2017-10-20,78,82,97,85
20,2017-10-21,85,88,96,150
21,2017-10-22,90,92,100,125
22,2017-10-23,90,92,100,80
23,2017-10-24, , , , 
24,2017-10-25,90,92,100,100
25,2017-10-26,83,87,102,110
26,2017-10-27,90,92,110,90
27,2017-10-28,98,100,110,130
28,2017-10-29,93,97,107,125
29,2017-10-30,85,88,100,120
30,2017-10-31, , , , 
0,2017-11-01,91,93,105,130
1,2017-11-02,92,94,105,95
2,2017-11-03,88,90,105,115
3,2017-11-04,85,88,105,110
4,2017-11-05,85,87,102,125
5,2017-11-06,87,90,107,120
6,2017-11-07, , , , 
7,2017-11-08,92,94,107,115
8,2017-11-09,86,90,107,125
9,2017-11-10,88,92,108,80
10,2017-11-11,78,82,97,140
11,2017-11-12,84,87,100,110
12,2017-11-13,88,90,107,100
13,2017-11-14, , , , 
14,2017-11-15,76,82,95,165
15,2017-11-16,76,80,96,100
16,2017-11-17,72,75,95,120
17,2017-11-18,76,80,95,120
18,2017-11-19,75,80,95,135
19,2017-11-20,75,80,95,125
20,2017-11-21, , , , 
21,2017-11-22,66,70,82,155
22,2017-11-23,66,70,82,115
23,2017-11-24,72,76,82,90
24,2017-11-25,76,80,92,110
25,2017-11-26,75,78,90,150
26,2017-11-27,73,77,90,130
27,2017-11-28, , , , 
28,2017-11-29,75,78,90,135
29,2017-11-30,77,80,92,80
0,2017-12-01,75,78,92,135
1,2017-12-02,76,80,92,130
2,2017-12-03,76,80,94,145
3,2017-12-04,76,78,92,115
4,2017-12-05, , , , 
5,2017-12-06,74,76,86,140
6,2017-12-07,70,75,87,115
7,2017-12-08,74,77,88,90
8,2017-12-09,77,80,92,120
9,2017-12-10,73,76,90,160
10,2017-12-11,74,77,92,125
11,2017-12-12, , , , 
12,2017-12-13,74,77,90,140
13,2017-12-14,75,77,92,100
14,2017-12-15,74,77,92,120
15,2017-12-16,77,80,92,125
16,2017-12-17,76,80,93,145
17,2017-12-18,75,78,97,120
18,2017-12-19, , , , 
19,2017-12-20,76,78,93,140
20,2017-12-21,76,80,92,115
21,2017-12-22,75,78,92,115
22,2017-12-23,76,80,95,130
23,2017-12-24,76,78,93,150
24,2017-12-25,75,78,92,130
25,2017-12-26, , , , 
26,2017-12-27,72,76,87,150
27,2017-12-28,75,75,85,100
28,2017-12-29,75,77,88,125
29,2017-12-30,75,78,95,140
30,2017-12-31,77,80,95,140
0,2018-01-01,76,80,92,140
1,2018-01-02, , , , 
2,2018-01-03,77,78,92,150
3,2018-01-04,75,78,90,100
4,2018-01-05,74,76,85,115
5,2018-01-06,75,78,88,100
6,2018-01-07,78,80,90,120
7,2018-01-08,77,80,90,120
8,2018-01-09, , , , 
9,2018-01-10,80,82,90,125
10,2018-01-11,80,80,90,100
11,2018-01-12,86,86,93,115
12,2018-01-13,86,90,100,150
13,2018-01-14,84,87,95,145
14,2018-01-15,80,84,90,110
15,2018-01-16, , , , 
16,2018-01-17,80,82,90,120
17,2018-01-18,81,83,92,100
18,2018-01-19,78,80,90,125
19,2018-01-20,78,82,100,120
20,2018-01-21,82,85,97,120
21,2018-01-22,78,82,94,140
22,2018-01-23, , , , 
23,2018-01-24,83,85,100,135
24,2018-01-25,85,88,108,175
25,2018-01-26,78,82,95,150
26,2018-01-27,78,82,95,150
27,2018-01-28,85,87,102,110
28,2018-01-29,78,80,100,120
29,2018-01-30, , , , 
30,2018-01-31,73,76,87,150
0,2018-02-01,75,77,85,100
1,2018-02-02,73,75,88,105
2,2018-02-03,72,73,85,140
3,2018-02-04,75,77,87,135
4,2018-02-05,75,77,85,130
5,2018-02-06, , , , 
6,2018-02-07,75,78,85,130
7,2018-02-08,72,75,84,110
8,2018-02-09,70,74,84,110
9,2018-02-10,72,75,85,130
10,2018-02-11,72,74,85,140
11,2018-02-12,74,77,87,130
12,2018-02-13, , , , 
13,2018-02-14,75,77,87,115
14,2018-02-15,73,75,88,110
15,2018-02-16,72,74,85,100
16,2018-02-17,75,78,92,125
17,2018-02-18,78,80,95,125
18,2018-02-19,78,80,95,120
19,2018-02-20, , , , 
20,2018-02-21,78,80,72,140
21,2018-02-22,75,78,90,115
22,2018-02-23,76,78,88,110
23,2018-02-24,80,82,95,125
24,2018-02-25,84,86,97,140
25,2018-02-26,82,84,95,130
26,2018-02-27, , , , 
27,2018-02-28,80,82,95,145
0,2018-03-01,85,88,102,150
1,2018-03-02,85,87,90,100
2,2018-03-03,85,88,100,100
3,2018-03-04,78,80,95,130
4,2018-03-05,78,80,85,100
5,2018-03-06, , , , 
6,2018-03-07,77,78,90,120
7,2018-03-08,73,75,83,100
8,2018-03-09,76,78,82,90
9,2018-03-10,80,84,92,120
10,2018-03-11,78,82,98,120
11,2018-03-12,75,77,87,120
12,2018-03-13, , , , 
13,2018-03-14,75,77,83,130
14,2018-03-15,75,78,85,100
15,2018-03-16,75,77,85,110
16,2018-03-17,78,79,85,125
17,2018-03-18,74,76,82,90
18,2018-03-19,75,78,90,60
19,2018-03-20, , , , 
20,2018-03-21,74,77,83,90
21,2018-03-22,73,75,80,50
22,2018-03-23,72,74,78,80
23,2018-03-24,71,73,80,80
24,2018-03-25,74,77,90,100
25,2018-03-26,75,78,90,130
26,2018-03-27, , , , 
27,2018-03-28,77,80,88,160
28,2018-03-29,73,77,90,150
29,2018-03-30,70,73,87,110
30,2018-03-31,66,70,85,140
0,2018-04-01,68,70,85,130
1,2018-04-02,75,78,85,130
2,2018-04-03, , , , 
3,2018-04-04,73,75,85,150
4,2018-04-05,70,72,85,120
5,2018-04-06,67,68,80,125
6,2018-04-07,70,72,78,130
7,2018-04-08,72,74,84,130
8,2018-04-09,70,71,83,160
9,2018-04-10, , , , 
10,2018-04-11,70,72,82,140
11,2018-04-12,72,74,85,115
12,2018-04-13,71,73,82,115
13,2018-04-14,76,78,85,125
14,2018-04-15,78,80,90,130
15,2018-04-16,78,80,88,145
16,2018-04-17, , , , 
17,2018-04-18,78,80,85,135
18,2018-04-19,72,75,80,130
19,2018-04-20,70,74,82,90
20,2018-04-21,78,78,87,115
21,2018-04-22,81,88,75,125
22,2018-04-23,80,80,92,135
23,2018-04-24, , , , 
24,2018-04-25,80,82,90,140
25,2018-04-26,78,78,87,110
26,2018-04-27,80,77,85,110
27,2018-04-28,82,82,86,125
28,2018-04-29,82,80,85,140
29,2018-04-30,80,78,83,125
0,2018-05-01, , , , 
1,2018-05-02,85,82,80,100
2,2018-05-03,91,88,85,100
3,2018-05-04,94,92,90,100
4,2018-05-05,93,90,95,120
5,2018-05-06,90,90,90,150
6,2018-05-07,92,90,90,120
7,2018-05-08, , , , 
8,2018-05-09,95,93,90,120
9,2018-05-10,90,90,90,125
10,2018-05-11,92,90,92,130
11,2018-05-12,92,90,90,120
12,2018-05-13,92,90,92,140
13,2018-05-14,93,90,93,125
14,2018-05-15, , , , 
15,2018-05-16,92,92,88,140
16,2018-05-17,86,84,84,120
17,2018-05-18,88,84,86,90
18,2018-05-19,93,90,91,110
19,2018-05-20,100,98,98,125
20,2018-05-21,97,96,100,125
21,2018-05-22, , , , 
22,2018-05-23,92,90,91,130
23,2018-05-24,90,87,87,120
24,2018-05-25,90,88,90,85
25,2018-05-26,94,90,94,105
26,2018-05-27,92,90,92,140
27,2018-05-28,92,90,92,125
28,2018-05-29, , , , 
29,2018-05-30,90,88,90,125
30,2018-05-31,86,86,86,110
0,2018-06-01,85,84,84,100
1,2018-06-02,87,85,92,110
2,2018-06-03,86,85,88,115
3,2018-06-04,87,85,88,110
4,2018-06-05, , , , 
5,2018-06-06,86,84,88,125
6,2018-06-07,85,83,86,110
7,2018-06-08,84,83,83,120
8,2018-06-09,85,81,82,115
9,2018-06-10,86,83,85,130
10,2018-06-11,92,90,92,110
11,2018-06-12, , , , 
12,2018-06-13,93,92,92,135
13,2018-06-14,98,95,95,140
14,2018-06-15,98,95,100,130
15,2018-06-16, , , , 
16,2018-06-17,95,93,96,140
17,2018-06-18,100,95,97,135
18,2018-06-19, , , , 
19,2018-06-20,100,98,98,130
20,2018-06-21,95,93,90,130
21,2018-06-22,96,92,90,110
22,2018-06-23,100,96,93,120
23,2018-06-24,102,97,95,120
24,2018-06-25,105,102,97,115
25,2018-06-26, , , , 
26,2018-06-27,106,104,100,120
27,2018-06-28,103,100,97,95
28,2018-06-29,100,96,98,115
29,2018-06-30,94,92,95,125
0,2018-07-01,96,94,97,130
1,2018-07-02,96,92,95,130
2,2018-07-03, , , , 
3,2018-07-04,95,92,95,130
4,2018-07-05,90,86,86,125
5,2018-07-06,87,85,85,115
6,2018-07-07,85,82,85,135
7,2018-07-08,86,83,85,140
8,2018-07-09,86,83,84,140
9,2018-07-10, , , , 
10,2018-07-11,84,80,82,130
11,2018-07-12,80,77,77,120
12,2018-07-13,78,75,75,120
13,2018-07-14,82,78,78,130
14,2018-07-15,84,80,82,130
15,2018-07-16,84,80,82,140
16,2018-07-17, , , , 
17,2018-07-18,78,75,78,140
18,2018-07-19,76,73,75,110
19,2018-07-20,73,70,72,110
20,2018-07-21,72,70,72,130
21,2018-07-22,72,70,74,140
22,2018-07-23,72,70,72,130
23,2018-07-24, , , , 
24,2018-07-25,71,68,70,150
25,2018-07-26,68,66,67,125
26,2018-07-27,68,66,67,120
27,2018-07-28,70,68,70,120
28,2018-07-29,66,63,65,120
29,2018-07-30,60,58,60,95
30,2018-07-31, , , , 
0,2018-08-01,60,58,60,100
1,2018-08-02,58,55,58,95
2,2018-08-03,56,55,57,105
3,2018-08-04,57,55,60,120
4,2018-08-05,58,56,62,120
5,2018-08-06,57,55,64,110
6,2018-08-07, , , , 
7,2018-08-08,63,60,66,120
8,2018-08-09,64,62,70,95
9,2018-08-10,64,64,72,130
10,2018-08-11,58,58,67,135
11,2018-08-12,58,60,65,140
12,2018-08-13,63,65,75,140
13,2018-08-14, , , , 
14,2018-08-15, , , , 
15,2018-08-16,50,52,57,140
16,2018-08-17,50,52,60,105
17,2018-08-18,52,55,60,110
18,2018-08-19,57,60,65,130
19,2018-08-20,62,65,72,165
20,2018-08-21, , , , 
21,2018-08-22, , , , 
22,2018-08-23,50,55,60,100
23,2018-08-24,58,60,70,50
24,2018-08-25,52,55,60,155
25,2018-08-26,56,58,63,145
26,2018-08-27,53,56,60,135
27,2018-08-28, , , , 
28,2018-08-29,62,64,70,125
29,2018-08-30,62,65,75,125
30,2018-08-31,60,62,72,110
0,2018-09-01,55,57,68,1325
1,2018-09-02,58,60,72,130
2,2018-09-03,64,68,84,60
3,2018-09-04, , , , 
4,2018-09-05,66,68,74,140
5,2018-09-06,62,64,70,120
6,2018-09-07,58,60,68,140
7,2018-09-08,58,60,68,130
8,2018-09-09,62,64,72,140
9,2018-09-10,58,60,68,130
10,2018-09-11, , , , 
11,2018-09-12,58,60,65,140
12,2018-09-13,55,57,62,135
13,2018-09-14,50,54,58,125
14,2018-09-15,54,57,62,120
15,2018-09-16,55,58,70,135
16,2018-09-17,53,56,63,135
17,2018-09-18, , , , 
18,2018-09-19,56,58,65,140
19,2018-09-20,59,62,70,120
20,2018-09-21,65,68,74,150
21,2018-09-22,65,67,74,135
22,2018-09-23,63,65,74,140
23,2018-09-24,66,70,82,80
24,2018-09-25, , , , 
25,2018-09-26,60,62,72,80
26,2018-09-27,62,67,75,80
27,2018-09-28,61,63,68,60
28,2018-09-29,56,58,65,100
29,2018-09-30,59,62,65,80
