Date,GUJRAT,MUMBAI,PUNJAB
2012-01-01,40,44,48
2012-01-02,38,42,48
2012-01-03,38,38,48
2012-01-04,35,35,47
2012-01-05,38,35,48
2012-01-06,45,42,47
2012-01-07,44,43,51
2012-01-08,43,42,51
2012-01-09,42,42,58
2012-01-10,45,43,61
2012-01-11,48,46,58
2012-01-12,47,45,58
2012-01-13,45,45,58
2012-01-14,45,44,53
2012-01-15,47,46,55
2012-01-16,51,47,60
2012-01-17,54,47,59
2012-01-18,54,47,62
2012-01-19,53,45,61
2012-01-20,52,42,60
2012-01-21,48,42,60
2012-01-22,52,46,59
2012-01-23,56,49,59
2012-01-24,56,52,59
2012-01-25,55,51,61
2012-01-26,55,48,60
2012-01-27,55,47,60
2012-01-28,54,50,63
2012-01-29,60,53,64
2012-01-30,57,51,65
2012-01-31,57,53,65
2012-02-01,58,52,64
2012-02-02,59,53,64
2012-02-03,62,56,61
2012-02-04,62,57,61
2012-02-05,62,59,57
2012-02-06,60,60,62
2012-02-07,64,60,62
2012-02-08,66,58,66
2012-02-09,64,58,70
2012-02-10,62,55,75
2012-02-11,67,56,78
2012-02-12,70,62,81
2012-02-13,72,65,82
2012-02-14,72,66,80
2012-02-15,71,68,76
2012-02-16,70,66,74
2012-02-17,68,64,70
2012-02-18,69,62,68
2012-02-19,70,62,67
2012-02-20,70,62,68
2012-02-21,66,60,67
2012-02-22,66,62,66
2012-02-23,68,61,68
2012-02-24,68,61,70
2012-02-25,68,60,70
2012-02-26,71,60,74
2012-02-27,71,60,76
2012-02-28,73,63,76
2012-02-29,75,65,74
2012-03-01,71,65,74
2012-03-02,72,65,71
2012-03-03,70,65,71
2012-03-04,69,67,69
2012-03-05,68,68,68
2012-03-06,70,67,67
2012-03-07,70,65,74
2012-03-08,70,68,72
2012-03-09,72,71,70
2012-03-10,70,73,67
2012-03-11,70,74,66
2012-03-12,70,76,64
2012-03-13,75,77,64
2012-03-14,74,77,63
2012-03-15,73,74,60
2012-03-16,70,70,57
2012-03-17,65,66,51
2012-03-18,63,62,51
2012-03-19,60,61,49
2012-03-20,60,60,49
2012-03-21,60,60,53
2012-03-22,61,59,56
2012-03-23,58,58,51
2012-03-24,58,58,50
2012-03-25,58,59,48
2012-03-26,58,59,49
2012-03-27,56,56,49
2012-03-28,53,53,48
2012-03-29,53,42,48
2012-03-30,50,45,48
2012-03-31,50,42,49
2012-04-01,48,42,50
2012-04-02,50,44,47
2012-04-03,52,47,47
2012-04-04,54,50,46
2012-04-05,54,51,44
2012-04-06,56,53,44
2012-04-07,55,54,43
2012-04-08,53,54,40
2012-04-09,50,53,45
2012-04-10,51,53,45
2012-04-11,50,48,46
2012-04-12,49,45,44
2012-04-13,47,48,41
2012-04-14,48,49,43
2012-04-15,51,52,46
2012-04-16,53,53,46
2012-04-17,52,54,46
2012-04-18,52,54,44
2012-04-19,50,52,45
2012-04-20,52,51,43
2012-04-21,52,50,44
2012-04-22,50,50,43
2012-04-23,51,50,44
2012-04-24,49,51,44
2012-04-25,47,53,45
2012-04-26,48,53,44
2012-04-27,48,52,45
2012-04-28,50,52,53
2012-04-29,54,55,64
2012-04-30,58,58,63
2012-05-01,60,60,65
2012-05-02,58,62,60
2012-05-03,60,62,55
2012-05-04,56,62,52
2012-05-05,54,61,55
2012-05-06,54,61,57
2012-05-07,55,60,57
2012-05-08,55,59,57
2012-05-09,59,60,60
2012-05-10,63,61,65
2012-05-11,65,64,65
2012-05-12,70,65,65
2012-05-13,72,70,70
2012-05-14,74,71,72
2012-05-15,76,73,72
2012-05-16,76,74,80
2012-05-17,75,74,77
2012-05-18,74,73,76
2012-05-19,72,71,76
2012-05-20,72,70,77
2012-05-21,70,70,77
2012-05-22,73,72,76
2012-05-23,78,74,80
2012-05-24,80,77,80
2012-05-25,80,78,80
2012-05-26,80,81,80
2012-05-27,82,81,80
2012-05-28,83,81,80
2012-05-29,85,80,80
2012-05-30,86,79,80
2012-05-31,86,79,80
2012-06-01,85,80,80
2012-06-02,85,80,80
2012-06-03,82,80,83
2012-06-04,84,80,85
2012-06-05,85,80,85
2012-06-06,85,78,88
2012-06-07,85,77,85
2012-06-08,85,77,86
2012-06-09,85,78,86
2012-06-10,84,78,86
2012-06-11,84,78,88
2012-06-12,84,78,89
2012-06-13,87,80,88
2012-06-14,86,80,90
2012-06-15,86,79,91
2012-06-16,85,78,93
2012-06-17,83,77,94
2012-06-18,83,77,96
2012-06-19,82,76,98
2012-06-20,85,76,99
2012-06-21,84,74,96
2012-06-22,85,76,90
2012-06-23,82,76,86
2012-06-24,79,73,86
2012-06-25,79,72,95
2012-06-26,76,69,96
2012-06-27,72,64,97
2012-06-28,70,62,95
2012-06-29,64,56,95
2012-06-30,62,54,94
2012-07-01,56,54,92
2012-07-02,57,53,88
2012-07-03,60,55,88
2012-07-04,62,56,88
2012-07-05,65,56,86
2012-07-06,65,55,91
2012-07-07,68,57,92
2012-07-08,68,60,94
2012-07-09,69,60,91
2012-07-10,69,59,91
2012-07-11,67,58,82
2012-07-12,66,56,75
2012-07-13,62,55,75
2012-07-14,57,53,74
2012-07-15,55,51,85
2012-07-16,55,50,75
2012-07-17,59,52,75
2012-07-18,62,55,82
2012-07-19,62,54,75
2012-07-20,64,63,75
2012-07-21,63,62,69
2012-07-22,59,56,65
2012-07-23,57,53,63
2012-07-24,55,48,64
2012-07-25,48,42,57
2012-07-26,45,39,52
2012-07-27,45,41,55
2012-07-28,47,40,55
2012-07-29,51,44,60
2012-07-30,53,46,66
2012-07-31,53,46,65
2012-08-01,53,46,66
2012-08-02,52,46,64
2012-08-03,52,46,64
2012-08-04,52,46,58
2012-08-05,53,48,58
2012-08-06,53,47,59
2012-08-07,50,47,58
2012-08-08,48,44,60
2012-08-09,45,41,60
2012-08-10,44,40,57
2012-08-11,47,41,60
2012-08-12,52,42,61
2012-08-13,56,45,66
2012-08-14,60,51,66
2012-08-15,60,52,66
2012-08-16,60,60,65
2012-08-17,62,61,71
2012-08-18,62,62,70
2012-08-19,60,60,68
2012-08-20,58,59,66
2012-08-21,56,56,66
2012-08-22,53,53,74
2012-08-23,53,52,69
2012-08-24,55,54,66
2012-08-25,58,56,65
2012-08-26,62,60,65
2012-08-27,60,60,70
2012-08-28,58,60,68
2012-08-29,58,61,66
2012-08-30,58,59,65
2012-08-31,58,58,65
2012-09-01,54,55,67
2012-09-02,50,54,63
2012-09-03,53,53,64
2012-09-04,55,54,64
2012-09-05,59,56,64
2012-09-06,60,56,65
2012-09-07,61,61,63
2012-09-08,58,61,65
2012-09-09,57,60,64
2012-09-10,58,60,65
2012-09-11,56,58,65
2012-09-12,54,55,63
2012-09-13,53,55,65
2012-09-14,55,55,63
2012-09-15,58,56,65
2012-09-16,60,58,66
2012-09-17,57,56,66
2012-09-18,56,56,66
2012-09-19,54,55,67
2012-09-20,54,54,66
2012-09-21,58,54,67
2012-09-22,62,56,68
2012-09-23,66,62,66
2012-09-24,66,60,66
2012-09-25,67,60,66
2012-09-26,65,61,66
2012-09-27,61,58,65
2012-09-28,60,55,65
2012-09-29,59,51,63
2012-09-30,61,51,61
2012-10-01,64,55,58
2012-10-02,69,59,58
2012-10-03,71,63,59
2012-10-04,72,63,60
2012-10-05,68,63,58
2012-10-06,66,62,60
2012-10-07,66,60,59
2012-10-08,68,60,60
2012-10-09,70,60,60
2012-10-10,70,62,60
2012-10-11,67,62,60
2012-10-12,66,60,60
2012-10-13,65,57,61
2012-10-14,63,57,62
2012-10-15,62,58,62
2012-10-16,66,58,62
2012-10-17,66,60,61
2012-10-18,65,60,60
2012-10-19,61,57,61
2012-10-20,59,55,61
2012-10-21,57,54,61
2012-10-22,61,52,62
2012-10-23,61,55,63
2012-10-24,63,58,65
2012-10-25,63,61,63
2012-10-26,61,61,63
2012-10-27,61,61,62
2012-10-28,60,60,58
2012-10-29,53,60,56
2012-10-30,59,55,56
2012-10-31,57,52,51
2012-11-01,55,48,51
2012-11-02,52,49,50
2012-11-03,53,52,48
2012-11-04,54,53,48
2012-11-05,54,53,48
2012-11-06,50,58,48
2012-11-07,48,44,48
2012-11-08,51,47,51
2012-11-09,54,47,49
2012-11-10,52,47,52
2012-11-11,48,43,54
2012-11-12,48,41,53
2012-11-13,49,39,54
2012-11-14,50,43,58
2012-11-15,53,48,58
2012-11-16,55,50,53
2012-11-17,55,48,51
2012-11-18,55,46,50
2012-11-19,48,44,53
2012-11-20,45,40,53
2012-11-21,41,33,50
2012-11-22,37,33,48
2012-11-23,40,37,45
2012-11-24,44,41,49
2012-11-25,48,43,52
2012-11-26,48,41,50
2012-11-27,46,43,50
2012-11-28,42,34,46
2012-11-29,37,30,45
2012-11-30,34,29,46
2012-12-01,33,30,44
2012-12-02,35,30,44
2012-12-03,40,31,41
2012-12-04,43,38,41
2012-12-05,43,43,42
2012-12-06,41,45,41
2012-12-07,38,44,45
2012-12-08,41,41,57
2012-12-09,50,50,60
2012-12-10,55,55,58
2012-12-11,54,54,58
2012-12-12,50,55,58
2012-12-13,55,55,57
2012-12-14,56,55,59
2012-12-15,56,55,60
2012-12-16,60,58,62
2012-12-17,58,58,62
2012-12-18,56,55,62
2012-12-19,58,54,67
2012-12-20,58,54,67
2012-12-21,62,60,67
2012-12-22,65,60,64
2012-12-23,66,62,62
2012-12-24,62,62,60
2012-12-25,65,62,59
2012-12-26,67,65,55
2012-12-27,73,72,55
2012-12-28,74,77,58
2012-12-29,74,77,67
2012-12-30,74,76,69
2012-12-31,72,73,66
2013-01-01,72,72,64
2013-01-02,71,70,65
2013-01-03,74,70,57
2013-01-04,75,72,67
2013-01-05,75,72,62
2013-01-06,75,72,66
2013-01-07,76,70,70
2013-01-08,77,72,70
2013-01-09,80,75,71
2013-01-10,80,75,73
2013-01-11,80,75,78
2013-01-12,79,73,79
2013-01-13,72,70,77
2013-01-14,80,70,77
2013-01-15,80,72,78
2013-01-16,84,73,78
2013-01-17,89,75,77
2013-01-18,83,75,78
2013-01-19,78,71,81
2013-01-20,77,71,81
2013-01-21,82,70,79
2013-01-22,82,75,79
2013-01-23,85,77,79
2013-01-24,85,79,79
2013-01-25,85,77,79
2013-01-26,87,78,81
2013-01-27,88,75,81
2013-01-28,82,74,79
2013-01-29,82,74,79
2013-01-30,81,73,79
2013-01-31,78,71,79
2013-02-01,76,70,81
2013-02-02,78,70,84
2013-02-03,74,73,92
2013-02-04,87,77,96
2013-02-05,90,80,98
2013-02-06,92,84,98
2013-02-07,94,84,97
2013-02-08,94,82,94
2013-02-09,91,84,93
2013-02-10,94,90,92
2013-02-11,93,90,92
2013-02-12,93,89,92
2013-02-13,92,88,96
2013-02-14,93,88,101
2013-02-15,94,90,112
2013-02-16,98,92,119
2013-02-17,97,92,121
2013-02-18,97,90,120
2013-02-19,95,87,120
2013-02-20,89,82,112
2013-02-21,83,78,92
2013-02-22,78,72,94
2013-02-23,77,72,102
2013-02-24,81,71,102
2013-02-25,81,70,93
2013-02-26,81,70,93
2013-02-27,75,65,92
2013-02-28,74,62,92
2013-03-01,70,62,90
2013-03-02,72,62,87
2013-03-03,73,62,88
2013-03-04,73,62,96
2013-03-05,74,60,98
2013-03-06,74,60,92
2013-03-07,71,59,87
2013-03-08,70,60,85
2013-03-09,68,59,86
2013-03-10,67,57, 
2013-03-11,65,56, 
2013-03-12,63,56, 
2013-03-13,66,58, 
2013-03-14,68,55, 
2013-03-15,68,55, 
2013-03-16,70,55,81
2013-03-17,74,56,81
2013-03-18,74,58,85
2013-03-19,72,59,87
2013-03-20,72,60,86
2013-03-21,74,63,83
2013-03-22,80,66,84
2013-03-23,83,68,78
2013-03-24,82,72,78
2013-03-25,80,75,79
2013-03-26,81,75,81
2013-03-27, , , 
2013-03-28,86,82,80
2013-03-29,85,82,75
2013-03-30,81,82,71
2013-03-31,78,80,71
2013-04-01,78,80,71
2013-04-02,78,78,68
2013-04-03,75,76,70
2013-04-04,75,75,66
2013-04-05,71,71,60
2013-04-06,67,68,58
2013-04-07,68,67,58
2013-04-08,65,67,58
2013-04-09,67,67,58
2013-04-10,69,67,58
2013-04-11,70,66,55
2013-04-12,69,65,55
2013-04-13,65,62,54
2013-04-14,66,61,55
2013-04-15,65,58,55
2013-04-16,62,56,55
2013-04-17,61,55,55
2013-04-18,58,53,55
2013-04-19,63,53,61
2013-04-20,70,59,70
2013-04-21,72,63,75
2013-04-22,72,65,75
2013-04-23,73,65,78
2013-04-24,72,63,74
2013-04-25,68,62,72
2013-04-26,62,60,64
2013-04-27,59,58,65
2013-04-28,60,58,60
2013-04-29,64,57,60
2013-04-30,65,60,60
2013-05-01,62,59,56
2013-05-02,63,57,53
2013-05-03,60,56,53
2013-05-04,58,55,53
2013-05-05,61,55,64
2013-05-06,65,59,67
2013-05-07,62,61,67
2013-05-08,61,60,67
2013-05-09,60,60,67
2013-05-10,61,62,67
2013-05-11,64,63,72
2013-05-12,68,66,74
2013-05-13,68,66,76
2013-05-14,69,66,82
2013-05-15,69,66,82
2013-05-16,69,65,82
2013-05-17,65,66,82
2013-05-18,65,66,79
2013-05-19,64,64,72
2013-05-20,64,63,72
2013-05-21,62,60, 
2013-05-22,61,57,72
2013-05-23,62,56,70
2013-05-24,65,62,72
2013-05-25,70,66,74
2013-05-26,75,70,74
2013-05-27,75,70,74
2013-05-28,73,70,74
2013-05-29,70,68,74
2013-05-30,70,64,74
2013-05-31,70,62,74
2013-06-01,68,61,74
2013-06-02,73,65,77
2013-06-03,71,64,80
2013-06-04,71,64,82
2013-06-05,75,70,82
2013-06-06,77,72,82
2013-06-07,83,77,75
2013-06-08,83,80,75
2013-06-09,80,79,75
2013-06-10,79,77,75
2013-06-11,79,72,75
2013-06-12,79,71,75
2013-06-13,81,76,77
2013-06-14,83,81,88
2013-06-15,85,83,94
2013-06-16,87,81,90
2013-06-17,85,80,86
2013-06-18,84,84,86
2013-06-19,85,88,80
2013-06-20,86,86,76
2013-06-21,85,82,74
2013-06-22,80,80,78
2013-06-23,75,75,78
2013-06-24,75,75,82
2013-06-25,77,76,82
2013-06-26,78,80,82
2013-06-27,80,80,82
2013-06-28,79,77,81
2013-06-29,75,73,80
2013-06-30,70,67,80
2013-07-01,69,66,82
2013-07-02,70,66,82
2013-07-03,70,68,77
2013-07-04,69,67,77
2013-07-05,67,65,74
2013-07-06,65,61,74
2013-07-07,62,59,74
2013-07-08,61,57,74
2013-07-09,65,60,74
2013-07-10,66,63,74
2013-07-11,67,63,67
2013-07-12,68,65,68
2013-07-13,68,64,68
2013-07-14,67,65,68
2013-07-15,66,68,68
2013-07-16,66,70,68
2013-07-17,65,70,63
2013-07-18,66,67,63
2013-07-19,62,66,63
2013-07-20,60,65,68
2013-07-21,62,67,70
2013-07-22,68,73,70
2013-07-23,70,77,70
2013-07-24,74,77,66
2013-07-25,70,75,63
2013-07-26,68,68,60
2013-07-27,65,65,63
2013-07-28,67,72,66
2013-07-29,74,78,64
2013-07-30,77,77,63
2013-07-31,76,82,70
2013-08-01,76,82,78
2013-08-02,77,82,74
2013-08-03,77,82,66
2013-08-04,81,85,73
2013-08-05,82,85,80
2013-08-06,71,83,80
2013-08-07,77,81,85
2013-08-08,80,81,85
2013-08-09,78,81,85
2013-08-10,77,81,80
2013-08-11,76,80,80
2013-08-12,78,81,80
2013-08-13,81,81,83
2013-08-14,81,80,85
2013-08-15,79,79,85
2013-08-16,79,77,84
2013-08-17,78,76,85
2013-08-18,80,76,83
2013-08-19,78,76,82
2013-08-20,80,76,82
2013-08-21,77,75,88
2013-08-22,81,75,88
2013-08-23,84,76,90
2013-08-24,88,76,93
2013-08-25,93,83,96
2013-08-26,93,83,96
2013-08-27,88,81,98
2013-08-28,88,78,98
2013-08-29,85,76,93
2013-08-30,81,72,90
2013-08-31,75,67,86
2013-09-01,74,63,85
2013-09-02,69,62,86
2013-09-03,69,61,86
2013-09-04,69,61,88
2013-09-05,69,60,85
2013-09-06,71,63,86
2013-09-07,73,62,87
2013-09-08,73,61,89
2013-09-09,73,60,90
2013-09-10,69,58,88
2013-09-11,67,58,85
2013-09-12,68,57,77
2013-09-13,65,56,72
2013-09-14,66,56,76
2013-09-15,69,55,77
2013-09-16,70,58,82
2013-09-17,70,58,84
2013-09-18,71,58,88
2013-09-19,70,58,86
2013-09-20,68,60,85
2013-09-21,67,60,82
2013-09-22,65,62,77
2013-09-23,65,61,70
2013-09-24,65,61,70
2013-09-25,65,60,67
2013-09-26,64,59,67
2013-09-27,64,60,64
2013-09-28,63,61,64
2013-09-29,63,58,64
2013-09-30,63,56,68
2013-10-01,64,57,68
2013-10-02,60,54,71
2013-10-03,59,55,73
2013-10-04,62,57,68
2013-10-05,65,61,68
2013-10-06,65,61,68
2013-10-07,66,61,65
2013-10-08,63,56,65
2013-10-09,60,53,65
2013-10-10,60,51,63
2013-10-11,60,52,63
2013-10-12,59,53,68
2013-10-13,65,61,70
2013-10-14,64,62,68
2013-10-15,60,58,68
2013-10-16,60,56,63
2013-10-17,60,55,62
2013-10-18,55,52,60
2013-10-19,55,51,53
2013-10-20,52,47,50
2013-10-21,52,46,52
2013-10-22,55,52,52
2013-10-23,60,56,55
2013-10-24,58,53,55
2013-10-25,53,45,51
2013-10-26,46,38,52
2013-10-27,48,52,51
2013-10-28,48,50,50
2013-10-29,46,45,50
2013-10-30,42,36,50
2013-10-31,38,35,47
2013-11-01,38,34,46
2013-11-02,45,35,45
2013-11-03,49,41,50
2013-11-04,50,40,48
2013-11-05,52,37,47
2013-11-06,46,36, 
2013-11-07,42,36,58
2013-11-08,42,35,55
2013-11-09,45,42,62
2013-11-10,53,52,70
2013-11-11,57,53,70
2013-11-12,57,53,67
2013-11-13,57,48,66
2013-11-14,54,43,62
2013-11-15,45,43,58
2013-11-16,51,47,55
2013-11-17,55,50,53
2013-11-18,55,50,52
2013-11-19,52,47,52
2013-11-20,48,46,52
2013-11-21,55,51,52
2013-11-22,60,58,56
2013-11-23,60,60,63
2013-11-24,60,60,63
2013-11-25,59,56,63
2013-11-26,58,56,65
2013-11-27,55,55,65
2013-11-28,52,53,65
2013-11-29,62,53,65
2013-11-30,56,57,66
2013-12-01,62,60,63
2013-12-02,60,55,63
2013-12-03,60,58,63
2013-12-04,56,58,64
2013-12-05,58,58,66
2013-12-06,60,57,72
2013-12-07,63,60,75
2013-12-08,63,62,75
2013-12-09,61,59,75
2013-12-10,62,58,75
2013-12-11,61,57,73
2013-12-12,65,60,68
2013-12-13,70,63,66
2013-12-14,75,65,74
2013-12-15,77,70,80
2013-12-16,77,70,85
2013-12-17,80,73,87
2013-12-18,80,75,90
2013-12-19,80,75,90
2013-12-20,80,77,90
2013-12-21,81,77,90
2013-12-22,84,78,88
2013-12-23,84,78,88
2013-12-24,85,77,88
2013-12-25,85,80,88
2013-12-26,85,79,88
2013-12-27,85,80,92
2013-12-28,88,82,91
2013-12-29,90,84,92
2013-12-30,91,83,93
2013-12-31,91,83,93
2014-01-01,90,80,96
2014-01-02,89,78,96
2014-01-03,90,83,96
2014-01-04,95,85,96
2014-01-05,95,86,94
2014-01-06,95,87,95
2014-01-07,96,85,95
2014-01-08,91,84,91
2014-01-09,94,84,91
2014-01-10,94,84,87
2014-01-11,92,86,85
2014-01-12,92,87,85
2014-01-13,92,88,83
2014-01-14,95,89,85
2014-01-15,95,91,86
2014-01-16,97,89,89
2014-01-17,97,90,95
2014-01-18,96,91,104
2014-01-19,100,91,107
2014-01-20,100,91,105
2014-01-21,98,90,98
2014-01-22,96,87,90
2014-01-23,90,82,87
2014-01-24,88,83,84
2014-01-25,90,82,85
2014-01-26,91,80,86
2014-01-27,92,79,82
2014-01-28,89,82,82
2014-01-29,88,85,76
2014-01-30,88,83,73
2014-01-31,86,82,73
2014-02-01,80,80,75
2014-02-02,80,81,85
2014-02-03,85,82,82
2014-02-04,82,82,82
2014-02-05,84,80,76
2014-02-06,81,78,73
2014-02-07,78,74,70
2014-02-08,76,72,76
2014-02-09,72,72,76
2014-02-10,73,72,71
2014-02-11,75,72,71
2014-02-12,76,73,67
2014-02-13,76,74,62
2014-02-14,73,73,60
2014-02-15,73,73,65
2014-02-16,73,72,75
2014-02-17,73,70,67
2014-02-18,73,68,67
2014-02-19,70,69,65
2014-02-20,70,68,57
2014-02-21,68,67,62
2014-02-22,67,67,66
2014-02-23,64,65,60
2014-02-24,66,66,60
2014-02-25,68,67,60
2014-02-26,72,70,56
2014-02-27,71,70,54
2014-02-28,71,70,62
2014-03-01,70,69,66
2014-03-02,70,68,66
2014-03-03,69,68,62
2014-03-04,72,70,62
2014-03-05,73,72,60
2014-03-06,73,72,63
2014-03-07,70,70,64
2014-03-08,72,70,67
2014-03-09,69,69,64
2014-03-10,71,70,60
2014-03-11,71,70,60
2014-03-12,70,69,62
2014-03-13,70,69,58
2014-03-14,70,68,58
2014-03-15,70,67,62
2014-03-16,70,68,66
2014-03-17, , , 
2014-03-18,72,69,60
2014-03-19,70,67,55
2014-03-20,68,66,54
2014-03-21,66,61,54
2014-03-22,63,60,54
2014-03-23,58,57,52
2014-03-24,58,55,52
2014-03-25,58,57,52
2014-03-26,57,58,52
2014-03-27,59,58,50
2014-03-28,58,55,50
2014-03-29,55,52,53
2014-03-30,55,53,53
2014-03-31,56,52,52
2014-04-01,56,55,52
2014-04-02,56,57,52
2014-04-03,55,56,52
2014-04-04,59,55,52
2014-04-05,55,52,52
2014-04-06,55,48,52
2014-04-07,52,46,52
2014-04-08,53,45,53
2014-04-09,55,46,68
2014-04-10,60,55,68
2014-04-11,68,65,67
2014-04-12,69,64,61
2014-04-13,68,69,61
2014-04-14,68,70,56
2014-04-15,65,70,55
2014-04-16,70,72,60
2014-04-17,68,71,60
2014-04-18,66,70,60
2014-04-19,70,72,64
2014-04-20,69,72,65
2014-04-21,73,72,65
2014-04-22,71,72,65
2014-04-23,69,70,65
2014-04-24,66,67,62
2014-04-25,70,67,58
2014-04-26,66,67,58
2014-04-27,66,68,58
2014-04-28,66,70,63
2014-04-29,66,70,64
2014-04-30,66,69,72
2014-05-01,71,67,72
2014-05-02,70,74,75
2014-05-03,75,74,78
2014-05-04,75,75,76
2014-05-05,74,74,76
2014-05-06,72,72,76
2014-05-07,70,70,74
2014-05-08,68,69,70
2014-05-09,65,70,70
2014-05-10,70,70,75
2014-05-11,74,74,86
2014-05-12,80,79,90
2014-05-13,80,83,90
2014-05-14,81,83,94
2014-05-15,85,84,91
2014-05-16,86,82,84
2014-05-17,86,80,80
2014-05-18,76,77,80
2014-05-19,79,77,80
2014-05-20,74,75,80
2014-05-21,74,74,80
2014-05-22,74,70,80
2014-05-23,70,67,80
2014-05-24,73,67,80
2014-05-25,79,76,80
2014-05-26,82,77,81
2014-05-27,84,80,81
2014-05-28,86,79,77
2014-05-29,86,78,77
2014-05-30,87,77,77
2014-05-31,83,74,77
2014-06-01,90,84,77
2014-06-02,90,84,77
2014-06-03,90,87,77
2014-06-04,90,84,77
2014-06-05,93,84,77
2014-06-06,90,87,77
2014-06-07,93,93,80
2014-06-08,94,96,83
2014-06-09,98,95,85
2014-06-10,98,92,86
2014-06-11,98,89,92
2014-06-12,97,87,92
2014-06-13,95,90,93
2014-06-14,100,90,100
2014-06-15,100,93,100
2014-06-16,98,90,94
2014-06-17,97,89,94
2014-06-18,97,85,88
2014-06-19,94,80,83
2014-06-20,87,78,83
2014-06-21,87,75,86
2014-06-22,87,75,85
2014-06-23,86,76,85
2014-06-24,87,76,85
2014-06-25,86,78,88
2014-06-26,86,79,90
2014-06-27,90,79,92
2014-06-28,89,77,98
2014-06-29,89,74,95
2014-06-30,85,74,92
2014-07-01,80,72,90
2014-07-02,80,72,85
2014-07-03,82,72,82
2014-07-04,81,74,77
2014-07-05,81,74,76
2014-07-06,81,74,76
2014-07-07,78,72,78
2014-07-08,75,72,80
2014-07-09,76,72,87
2014-07-10,80,70,87
2014-07-11,81,74,87
2014-07-12,82,74,87
2014-07-13,84,74,78
2014-07-14,84,74,83
2014-07-15,89,77,80
2014-07-16,84,82,75
2014-07-17,89,82,72
2014-07-18,89,82,86
2014-07-19,88,83,80
2014-07-20,87,85,80
2014-07-21,89,86,78
2014-07-22,88,85,76
2014-07-23,88,83,81
2014-07-24,82,80,78
2014-07-25,80,80,88
2014-07-26,85,80,82
2014-07-27,82,78,78
2014-07-28,74,76,77
2014-07-29,74,76,77
2014-07-30,72,75,75
2014-07-31,78,73,74
2014-08-01,75,70,70
2014-08-02,72,67,72
2014-08-03,65,64,70
2014-08-04,65,62,70
2014-08-05,65,60,72
2014-08-06,62,59,68
2014-08-07,62,57,68
2014-08-08,57,54,70
2014-08-09,55,52,79
2014-08-10,67,57,76
2014-08-11,62,59,75
2014-08-12,62,62,75
2014-08-13,64,62,77
2014-08-14,61,60,77
2014-08-15,60,60,77
2014-08-16,59,59,72
2014-08-17,58,57,69
2014-08-18,55,56,69
2014-08-19,54,54,69
2014-08-20,57,52,73
2014-08-21,55,52,73
2014-08-22,52,52,72
2014-08-23,50,49,75
2014-08-24,53,59,73
2014-08-25,59,59,74
2014-08-26,60,60,74
2014-08-27,60,59,75
2014-08-28,60,59,75
2014-08-29,56,60,72
2014-08-30,55,59,68
2014-08-31,58,59,71
2014-09-01,58,59,69
2014-09-02,56,59,69
2014-09-03,56,60,69
2014-09-04,60,59,69
2014-09-05,61,62,71
2014-09-06,64,62,72
2014-09-07,66,65,66
2014-09-08,64,65,66
2014-09-09,65,67,66
2014-09-10,64,67,65
2014-09-11,67,67,62
2014-09-12,65,67,62
2014-09-13,69,68,65
2014-09-14,67,69,72
2014-09-15,68,70,72
2014-09-16,73,72,72
2014-09-17,68,72,72
2014-09-18,73,72,65
2014-09-19,72,70,66
2014-09-20,69,69,65
2014-09-21,69,69,65
2014-09-22,69,70,65
2014-09-23,72,70,64
2014-09-24,65,69,64
2014-09-25,70,68,61
2014-09-26,70,67,60
2014-09-27,68,66,60
2014-09-28,63,62,60
2014-09-29,65,59,60
2014-09-30,60,62,60
2014-10-01,66,66,66
2014-10-02,72,69,67
2014-10-03,74,72,65
2014-10-04,76,77,65
2014-10-05,80,82,65
2014-10-06,80,82,65
2014-10-07,78,82,63
2014-10-08,75,80,60
2014-10-09,77,79,60
2014-10-10,77,77,60
2014-10-11,75,77,60
2014-10-12,75,77,61
2014-10-13,74,77,61
2014-10-14,74,77,63
2014-10-15,78,77,60
2014-10-16,81,77,73
2014-10-17,83,80,74
2014-10-18,83,80,72
2014-10-19,83,84,72
2014-10-20,84,84,72
2014-10-21,84,82,72
2014-10-22,84,83,68
2014-10-23,83,83,66
2014-10-24,85,84,70
2014-10-25,90,87,77
2014-10-26,94,88,77
2014-10-27,92,88,77
2014-10-28,87,86,75
2014-10-29,83,84,75
2014-10-30,80,82,75
2014-10-31,84,84,75
2014-11-01,87,85,75
2014-11-02,85,84,73
2014-11-03,85,84,70
2014-11-04,85,83,70
2014-11-05,80,82,70
2014-11-06,80,80,66
2014-11-07,78,79,71
2014-11-08,81,80,75
2014-11-09,82,82,77
2014-11-10,84,84,77
2014-11-11,85,84,77
2014-11-12,84,82,73
2014-11-13,84,80,70
2014-11-14,77,80,70
2014-11-15,79,77,75
2014-11-16,75,75,75
2014-11-17,72,74,73
2014-11-18,75,74,70
2014-11-19,75,80,70
2014-11-20,72,67,72
2014-11-21,69,67,73
2014-11-22,72,67,73
2014-11-23,70,67,72
2014-11-24,70,67,70
2014-11-25,68,67,70
2014-11-26,65,64,70
2014-11-27,63,60,68
2014-11-28,58,57,68
2014-11-29,58,55,68
2014-11-30,56,57,63
2014-12-01,60,58,63
2014-12-02,60,58,64
2014-12-03,60,55,73
2014-12-04,62,52,71
2014-12-05,60,49,70
2014-12-06,58,50,71
2014-12-07,57,57,74
2014-12-08,64,62,74
2014-12-09,68,67,74
2014-12-10,72,70,73
2014-12-11,68,67,74
2014-12-12,66,65,79
2014-12-13,60,62,82
2014-12-14,58,62,82
2014-12-15,65,60,84
2014-12-16,68,62,84
2014-12-17,67,62,74
2014-12-18,67,60,71
2014-12-19,60,57,71
2014-12-20,58,55,71
2014-12-21,62,59,69
2014-12-22,61,62,68
2014-12-23,64,67,68
2014-12-24,70,68,68
2014-12-25,68,65,71
2014-12-26,66,62,74
2014-12-27,60,60,78
2014-12-28,62,58,78
2014-12-29,62,56,73
2014-12-30,64,62,72
2014-12-31,65,62,68
2015-01-01,64,62,71
2015-01-02,61,62,71
2015-01-03,63,64,71
2015-01-04,65,64,69
2015-01-05,64,64,58
2015-01-06,65,64,68
2015-01-07,64,62,68
2015-01-08,62,60,68
2015-01-09,63,57,65
2015-01-10,60,54,66
2015-01-11,70,62,66
2015-01-12,73,64,66
2015-01-13,70,64,68
2015-01-14,71,67,68
2015-01-15,69,67,67
2015-01-16,70,67,67
2015-01-17,73,66,68
2015-01-18,74,67,69
2015-01-19,74,66,72
2015-01-20,73,65,73
2015-01-21,74,64,70
2015-01-22,72,64,68
2015-01-23,71,62,68
2015-01-24,71,65,68
2015-01-25,70,67,71
2015-01-26,76,67,70
2015-01-27,77,68,70
2015-01-28,82,70,66
2015-01-29,81,70,60
2015-01-30,81,70,62
2015-01-31,78,69,68
2015-02-01,77,69,65
2015-02-02,76,70,66
2015-02-03,75,71,67
2015-02-04,74,72,65
2015-02-05,75,72,63
2015-02-06,77,73,63
2015-02-07,78,73,65
2015-02-08,78,76,65
2015-02-09,76,74,63
2015-02-10,77,72,63
2015-02-11,75,70,63
2015-02-12,73,68,60
2015-02-13,66,65,62
2015-02-14,66,62,64
2015-02-15,67,60,61
2015-02-16,66,60,60
2015-02-17,66,62,60
2015-02-18,66,62,60
2015-02-19,62,60,58
2015-02-20,66,62,61
2015-02-21,66,60,64
2015-02-22,70,58,64
2015-02-23,68,62,64
2015-02-24,61,60,62
2015-02-25,62,58,61
2015-02-26,56,54,61
2015-02-27,56,52,63
2015-02-28,58,49,63
2015-03-01,62,50,63
2015-03-02,62,54,64
2015-03-03,65,59,63
2015-03-04,63,59,62
2015-03-05,60,60,65
2015-03-06, , , 
2015-03-07,60,62,60
2015-03-08,58,60,59
2015-03-09,55,57,59
2015-03-10,51,52,59
2015-03-11,50,48,59
2015-03-12,48,47,59
2015-03-13,50,50,49
2015-03-14,55,57,49
2015-03-15,65,60,51
2015-03-16,57,62,51
2015-03-17,54,62,51
2015-03-18,55,58,50
2015-03-19,53,54,46
2015-03-20,50,62,40
2015-03-21,57,62,40
2015-03-22,57,59,40
2015-03-23,50,58,40
2015-03-24,45,59,43
2015-03-25,55,59,46
2015-03-26,55,59,45
2015-03-27,51,62,50
2015-03-28,57,62,55
2015-03-29,64,67,63
2015-03-30,65,67,70
2015-03-31,68,70,70
2015-04-01,65,72,63
2015-04-02,66,72,58
2015-04-03,60,70,59
2015-04-04,67,70,62
2015-04-05,68,70,58
2015-04-06,65,68,63
2015-04-07,67,66,63
2015-04-08,60,60,60
2015-04-09,61,56,60
2015-04-10,60,57,59
2015-04-11,62,56,62
2015-04-12,62,55,63
2015-04-13,60,54,61
2015-04-14,58,55,60
2015-04-15,61,54,58
2015-04-16,59,55,58
2015-04-17,62,59,55
2015-04-18,63,60,56
2015-04-19,64,60,56
2015-04-20,60,60,56
2015-04-21,58,57,56
2015-04-22,57,54,56
2015-04-23,60,55,56
2015-04-24,60,57,60
2015-04-25,66,60,66
2015-04-26,66,65,68
2015-04-27,66,70,68
2015-04-28,70,76,68
2015-04-29,70,77,68
2015-04-30,72,77,68
2015-05-01,75,78,68
2015-05-02,72,80,71
2015-05-03,80,86,71
2015-05-04,80,87,73
2015-05-05,78,87,74
2015-05-06,83,87,84
2015-05-07,83,87,87
2015-05-08,85,87,90
2015-05-09,85,87,91
2015-05-10,86,92,86
2015-05-11,88,92,86
2015-05-12,90,90,86
2015-05-13,88,90,81
2015-05-14,88,89,74
2015-05-15,88,92,77
2015-05-16,88,92,85
2015-05-17,90,95,87
2015-05-18,90,94,87
2015-05-19,90,94,87
2015-05-20,90,90,82
2015-05-21,88,90,82
2015-05-22,85,87,82
2015-05-23,87,88,82
2015-05-24,90,90,82
2015-05-25,90,90,84
2015-05-26,90,90,84
2015-05-27,91,90,84
2015-05-28,90,89,84
2015-05-29,94,90,86
2015-05-30,94,90,86
2015-05-31,93,92,86
2015-06-01,94,92,88
2015-06-02,96,97,88
2015-06-03,100,97,95
2015-06-04,103,98,97
2015-06-05,104,98,98
2015-06-06,104,100,96
2015-06-07,104,98,91
2015-06-08,104,95,88
2015-06-09,95,95,88
2015-06-10,95,94,83
2015-06-11,94,94,80
2015-06-12,96,94,81
2015-06-13,99,94,90
2015-06-14,101,96,98
2015-06-15,104,97,97
2015-06-16,107,102,94
2015-06-17,110,107,90
2015-06-18,110,106,82
2015-06-19,113,104,82
2015-06-20,109,102,86
2015-06-21,107,104,88
2015-06-22,109,103,88
2015-06-23,108,102,88
2015-06-24,108,99,88
2015-06-25,107,99,86
2015-06-26,103,97,88
2015-06-27,100,91,92
2015-06-28,90,86,88
2015-06-29,85,82,88
2015-06-30,84,79,86
2015-07-01,80,74,83
2015-07-02,80,71,80
2015-07-03,76,70,83
2015-07-04,76,66,86
2015-07-05,78,64,87
2015-07-06,78,64,87
2015-07-07,75,65,87
2015-07-08,75,66,87
2015-07-09,77,67,87
2015-07-10,75,69,87
2015-07-11,70,66,89
2015-07-12,70,68,87
2015-07-13,73,69,83
2015-07-14,76,74,83
2015-07-15,76,74,80
2015-07-16,77,74,77
2015-07-17,78,78,84
2015-07-18,80,80,79
2015-07-19,75,80,77
2015-07-20,78,79,77
2015-07-21,76,78,77
2015-07-22,75,77,76
2015-07-23,75,75,73
2015-07-24,70,70,74
2015-07-25,68,68,74
2015-07-26,65,67,71
2015-07-27,62,67,71
2015-07-28,65,66,71
2015-07-29,64,66,71
2015-07-30,62,62,71
2015-07-31,59,58,71
2015-08-01,63,63,75
2015-08-02,60,61,73
2015-08-03,61,59,70
2015-08-04,58,57,68
2015-08-05,55,57,64
2015-08-06,51,52,62
2015-08-07,55,52,62
2015-08-08,55,52,64
2015-08-09,56,52,61
2015-08-10,64,52,61
2015-08-11,58,55,61
2015-08-12,58,54,61
2015-08-13,54,52,61
2015-08-14,54,59,62
2015-08-15,50,59,62
2015-08-16,50,55,60
2015-08-17,50,51,58
2015-08-18,48,48,57
2015-08-19,48,47,52
2015-08-20,47,44,52
2015-08-21,50,42,50
2015-08-22,48,42,52
2015-08-23,58,44,56
2015-08-24,60,47,56
2015-08-25,58,50,55
2015-08-26,57,52,58
2015-08-27,56,50,58
2015-08-28,60,49,65
2015-08-29,60,47,65
2015-08-30,59,50,63
2015-08-31,60,52,56
2015-09-01,60,50,56
2015-09-02,58,51,55
2015-09-03,54,49,55
2015-09-04,54,45,56
2015-09-05,48,42,60
2015-09-06,54,40,60
2015-09-07,54,40,60
2015-09-08,52,42,60
2015-09-09,50,43,59
2015-09-10,48,42,56
2015-09-11,48,42,55
2015-09-12,52,42,55
2015-09-13,52,44,55
2015-09-14,50,45,51
2015-09-15,55,48,51
2015-09-16,56,48,55
2015-09-17,56,47,59
2015-09-18,52,45,60
2015-09-19,55,49,65
2015-09-20,56,54,65
2015-09-21,56,54,62
2015-09-22,56,54,61
2015-09-23,54,52,57
2015-09-24,50,47,58
2015-09-25,50,44,58
2015-09-26,53,52,58
2015-09-27,56,54,56
2015-09-28,59,54,56
2015-09-29,56,54,56
2015-09-30,60,59,54
2015-10-01,58,59,58
2015-10-02,58,59,63
2015-10-03,56,57,66
2015-10-04,58,57,63
2015-10-05,58,56,54
2015-10-06,59,58,54
2015-10-07,57,60,54
2015-10-08,57,59,53
2015-10-09,55,56,53
2015-10-10,50,52,53
2015-10-11,50,49,53
2015-10-12,53,47,53
2015-10-13,52,50,54
2015-10-14,52,50,54
2015-10-15,51,48,54
2015-10-16,53,47,53
2015-10-17,51,45,51
2015-10-18,50,47,50
2015-10-19,54,47,50
2015-10-20,55,48,50
2015-10-21,60,53,52
2015-10-22,64,55,52
2015-10-23,66,59,55
2015-10-24,65,60,63
2015-10-25,71,67,61
2015-10-26,75,72,60
2015-10-27,74,72,60
2015-10-28,71,70,54
2015-10-29,65,68,54
2015-10-30,63,64,52
2015-10-31,60,60,52
2015-11-01,60,62,52
2015-11-02,60,62,50
2015-11-03,63,60,49
2015-11-04,60,57,49
2015-11-05,60,58,49
2015-11-06,60,60,47
2015-11-07,62,62,52
2015-11-08,70,67,52
2015-11-09,66,67,53
2015-11-10,70,65,57
2015-11-11,70,66,62
2015-11-12,67,67,60
2015-11-13,67,70,62
2015-11-14,65,69,65
2015-11-15,65,67,62
2015-11-16,64,65,62
2015-11-17,60,62,62
2015-11-18,64,59,61
2015-11-19,64,58,61
2015-11-20,64,60,61
2015-11-21,64,59,62
2015-11-22,66,57,61
2015-11-23,64,55,59
2015-11-24,60,52,59
2015-11-25,58,50,59
2015-11-26,64,50,61
2015-11-27,64,50,65
2015-11-28,65,52,70
2015-11-29,64,53,73
2015-11-30,66,55,74
2015-12-01,65,55,74
2015-12-02,65,57,74
2015-12-03,63,57,70
2015-12-04,60,57,72
2015-12-05,60,58,74
2015-12-06,63,60,74
2015-12-07,63,59,76
2015-12-08,65,60,76
2015-12-09,65,64,76
2015-12-10,64,62,72
2015-12-11,65,64,76
2015-12-12,63,64,77
2015-12-13,63,64,77
2015-12-14,63,64,77
2015-12-15,65,64,77
2015-12-16,64,64,72
2015-12-17,64,66,71
2015-12-18,65,66,72
2015-12-19,68,69,75
2015-12-20,75,79,75
2015-12-21,85,82,75
2015-12-22,86,88,75
2015-12-23,87,92,80
2015-12-24,87,92,85
2015-12-25,90,92,87
2015-12-26,93,92,84
2015-12-27,90,92,82
2015-12-28,86,92,82
2015-12-29,90,92,80
2015-12-30,86,94,77
2015-12-31,80,92,75
2016-01-01,78,90,75
2016-01-02,78,90,75
2016-01-03,80,87,75
2016-01-04,84,87,75
2016-01-05,88,87,72
2016-01-06,85,85,68
2016-01-07,84,82,67
2016-01-08,80,80,71
2016-01-09,80,77,71
2016-01-10,80,78,71
2016-01-11,80,82,72
2016-01-12,87,82,72
2016-01-13,88,85,72
2016-01-14,88,86,72
2016-01-15,82,86,72
2016-01-16,82,88,72
2016-01-17,83,87,74
2016-01-18,80,85,77
2016-01-19,78,82,78
2016-01-20,78,80,80
2016-01-21,77,77,71
2016-01-22,77,74,68
2016-01-23,73,72,68
2016-01-24,75,72,68
2016-01-25,76,72,68
2016-01-26,80,75,68
2016-01-27,78,76,68
2016-01-28,78,76,65
2016-01-29,75,74,64
2016-01-30,73,73,64
2016-01-31,70,72,62
2016-02-01,70,74,62
2016-02-02,72,76,65
2016-02-03,73,73,71
2016-02-04,77,72,71
2016-02-05,77,72,66
2016-02-06,77,72,64
2016-02-07,77,72,70
2016-02-08,77,74,70
2016-02-09,76,76,70
2016-02-10,77,77,66
2016-02-11,75,78,63
2016-02-12,75,77,67
2016-02-13,75,77,67
2016-02-14,75,78,67
2016-02-15,75,82,65
2016-02-16,76,82,65
2016-02-17,76,82,62
2016-02-18,78,80,65
2016-02-19,75,78,65
2016-02-20,72,78,70
2016-02-21,75,80,75
2016-02-22,82,82,70
2016-02-23,80,81,70
2016-02-24,75,80,65
2016-02-25,75,80,62
2016-02-26,72,78,62
2016-02-27,72,78,65
2016-02-28,76,80,66
2016-02-29,80,80,66
2016-03-01,80,82,66
2016-03-02,81,82,68
2016-03-03,85,82,71
2016-03-04,88,85,76
2016-03-05,90,87,78
2016-03-06,90,92,77
2016-03-07,95,93,76
2016-03-08,95,92,75
2016-03-09,90,90,71
2016-03-10,90,87,71
2016-03-11,87,87,72
2016-03-12,88,87,74
2016-03-13,95,92,76
2016-03-14,100,94,75
2016-03-15,96,96,78
2016-03-16,95,96,78
2016-03-17,100,97,80
2016-03-18,96,96,80
2016-03-19,94,92,84
2016-03-20,91,90,84
2016-03-21,85,90,79
2016-03-22,85,90,79
2016-03-23,85,89,80
2016-03-24,85, ,83
2016-03-25,90,89,84
2016-03-26,90,88,80
2016-03-27,90,86,81
2016-03-28,90,84,88
2016-03-29,84,82,88
2016-03-30,83,79,89
2016-03-31,81,77,86
2016-04-01,81,78,82
2016-04-02,77,80,80
2016-04-03,75,84,77
2016-04-04,79,85,76
2016-04-05,82,84,76
2016-04-06,84,82,80
2016-04-07,86,82,82
2016-04-08,85,82,78
2016-04-09,83,82,78
2016-04-10,88,87,76
2016-04-11,86,88,74
2016-04-12,88,89,74
2016-04-13,87,86,74
2016-04-14,83,83,76
2016-04-15,85,81,80
2016-04-16,90,81,85
2016-04-17,91,87,85
2016-04-18,93,88,82
2016-04-19,93,90,82
2016-04-20,95,92,80
2016-04-21,90,92,77
2016-04-22,96,92,78
2016-04-23,91,91,80
2016-04-24,93,92,84
2016-04-25,93,90,83
2016-04-26,91,88,83
2016-04-27,88,87,83
2016-04-28,86,84,80
2016-04-29,81,82,78
2016-04-30,81,80,83
2016-05-01,85,82,88
2016-05-02,85,82,90
2016-05-03,91,84,90
2016-05-04,95,85,90
2016-05-05,88,85,87
2016-05-06,90,86,93
2016-05-07,91,87,95
2016-05-08,91,87,95
2016-05-09,90,88,96
2016-05-10,88,87,96
2016-05-11,88,85,94
2016-05-12,83,82,94
2016-05-13,80,80,92
2016-05-14,85,79,96
2016-05-15,91,79,99
2016-05-16,90,78,99
2016-05-17,87,78,101
2016-05-18,84,76,99
2016-05-19,82,75,97
2016-05-20,83,77,97
2016-05-21,85,79,98
2016-05-22,90,82,98
2016-05-23,90,88,97
2016-05-24,90,90,97
2016-05-25,100,92,102
2016-05-26,100,94,102
2016-05-27,105,97,102
2016-05-28,98,97,102
2016-05-29,94,97,102
2016-05-30,100,94,102
2016-05-31,95,94,102
2016-06-01,95,92,100
2016-06-02,96,92,96
2016-06-03,100,95,92
2016-06-04,105,98,92
2016-06-05,108,105,92
2016-06-06,109,106,92
2016-06-07,108,105,96
2016-06-08,106,105,96
2016-06-09,103,105,92
2016-06-10,104,105,91
2016-06-11,106,103,100
2016-06-12,110,105,96
2016-06-13,107,105,93
2016-06-14,100,104,91
2016-06-15,98,104,92
2016-06-16,102,103,90
2016-06-17,96,101,90
2016-06-18,97,97,90
2016-06-19,98,94,84
2016-06-20,94,92,84
2016-06-21,94,90,79
2016-06-22,90,92,79
2016-06-23,84,92,79
2016-06-24,89,92,88
2016-06-25,87,92,87
2016-06-26,90,93,80
2016-06-27,94,94,80
2016-06-28,94,95,80
2016-06-29,94,95,84
2016-06-30,98,96,82
2016-07-01,95,96,82
2016-07-02,97,94,82
2016-07-03,97,92,82
2016-07-04,95,92,84
2016-07-05,92,91,85
2016-07-06,96,90,82
2016-07-07,95,89,78
2016-07-08,91,87,75
2016-07-09,87,85,75
2016-07-10,90,84,74
2016-07-11,90,87,73
2016-07-12,90,90,73
2016-07-13,90,92,71
2016-07-14,92,92,70
2016-07-15,88,91,66
2016-07-16,82,89,66
2016-07-17,80,88,66
2016-07-18,75,86,62
2016-07-19,75,84,62
2016-07-20,72,81,62
2016-07-21,72,79,55
2016-07-22,66,77,50
2016-07-23,60,75,50
2016-07-24,65,72,55
2016-07-25,68,67,60
2016-07-26,71,68,60
2016-07-27,68,70,58
2016-07-28,62,70,58
2016-07-29,64,69,55
2016-07-30,57,66,55
2016-07-31,55,66,55
2016-08-01,60,66,55
2016-08-02,60,66,54
2016-08-03,57,66,51
2016-08-04,55,66,46
2016-08-05,51,64,44
2016-08-06,54,64,43
2016-08-07,60,67,41
2016-08-08,58,67,40
2016-08-09,60,65,40
2016-08-10,54,62,40
2016-08-11,54,59,40
2016-08-12,58,55,48
2016-08-13,65,53,58
2016-08-14,68,55,56
2016-08-15,65,54,55
2016-08-16,60,54,54
2016-08-17,60,54,50
2016-08-18,55,52,53
2016-08-19,55,50,55
2016-08-20,54,48,58
2016-08-21,54,46,56
2016-08-22,54,46,56
2016-08-23,52,44,54
2016-08-24,50,41,52
2016-08-25,48,39,48
2016-08-26,47,39,54
2016-08-27,50,41,54
2016-08-28,50,45,52
2016-08-29,50,48,55
2016-08-30,50,50,57
2016-08-31,52,52,61
2016-09-01,58,52,61
2016-09-02,58,51,58
2016-09-03,58,51,58
2016-09-04,55,51,58
2016-09-05,52,51,56
2016-09-06,50,51,54
2016-09-07,50,51,52
2016-09-08,50,51,50
2016-09-09,52,53,47
2016-09-10,51,53,49
2016-09-11,50,53,50
2016-09-12,50,54,52
2016-09-13,50,54,52
2016-09-14,52,54,53
2016-09-15,60,54,53
2016-09-16,64,57,56
2016-09-17,71,68,59
2016-09-18,75,77,65
2016-09-19,80,84,71
2016-09-20,80,88,76
2016-09-21,80,90,76
2016-09-22,80,87,74
2016-09-23,75,84,68
2016-09-24,70,81,64
2016-09-25,71,79,61
2016-09-26,74,77,65
2016-09-27,78,75,64
2016-09-28,78,75,66
2016-09-29,76,74,66
2016-09-30,76,72,66
2016-10-01,72,70,65
2016-10-02,73,67,64
2016-10-03,75,66,64
2016-10-04,74,66,64
2016-10-05,72,66,64
2016-10-06,72,66,64
2016-10-07,75,69,60
2016-10-08,78,71,60
2016-10-09,80,74,64
2016-10-10,78,74,67
2016-10-11,82,74,70
2016-10-12,85,76,78
2016-10-13,87,78,78
2016-10-14,85,84,72
2016-10-15,86,92,72
2016-10-16,88,95,70
2016-10-17,86,95,65
2016-10-18,85,92,65
2016-10-19,82,87,70
2016-10-20,83,82,71
2016-10-21,76,77,68
2016-10-22,74,74,71
2016-10-23,74,74,71
2016-10-24,74,74,70
2016-10-25,78,74,70
2016-10-26,80,76,70
2016-10-27,80,76,70
2016-10-28,75,76,72
2016-10-29,71,74,74
2016-10-30,75,72,75
2016-10-31,81,72,75
2016-11-01,83,75,75
2016-11-02,80,77,78
2016-11-03,80,77,81
2016-11-04,78,79,82
2016-11-05,80,79,82
2016-11-06,80,80,82
2016-11-07,78,80,82
2016-11-08,76,78,85
2016-11-09,72,74,87
2016-11-10,71,70,87
2016-11-11,70,66,87
2016-11-12,68,64,90
2016-11-13,65,64,85
2016-11-14,65,62,82
2016-11-15,65,60,78
2016-11-16,62,58,70
2016-11-17,62,57,73
2016-11-18,65,54,69
2016-11-19,52,52,69
2016-11-20,51,52,69
2016-11-21,52,52,75
2016-11-22,56,54,73
2016-11-23,55,54,73
2016-11-24,55,54,72
2016-11-25,58,54,70
2016-11-26,56,53,67
2016-11-27,54,51,65
2016-11-28,50,50,65
2016-11-29,50,47,65
2016-11-30,51,45,58
2016-12-01,51,43,57
2016-12-02,44,41,56
2016-12-03,44,46,56
2016-12-04,45,49,56
2016-12-05,50,54,56
2016-12-06,50,57,56
2016-12-07,58,61,60
2016-12-08,66,62,63
2016-12-09,67,64,72
2016-12-10,72,67,73
2016-12-11,71,69,71
2016-12-12,70,71,70
2016-12-13,62,75,68
2016-12-14,70,79,65
2016-12-15,65,79,63
2016-12-16,60,79,63
2016-12-17,60,76,67
2016-12-18,60,72,73
2016-12-19,62,69,74
2016-12-20,64,65,76
2016-12-21,70,65,74
2016-12-22,70,66,72
2016-12-23,67,69,70
2016-12-24,70,70,71
2016-12-25,70,72,71
2016-12-26,70,74,68
2016-12-27,67,76,70
2016-12-28,70,78,70
2016-12-29,71,78,68
2016-12-30,68,75,70
2016-12-31,70,73,70
2017-01-01,73,75,70
2017-01-02,73,76,70
2017-01-03,75,76,70
2017-01-04,72,73,70
2017-01-05,75,69,68
2017-01-06,68,65,71
2017-01-07,63,61,77
2017-01-08,63,59,78
2017-01-09,63,61,78
2017-01-10,61,63,73
2017-01-11,68,63,75
2017-01-12,66,63,75
2017-01-13,60,63,77
2017-01-14,65,63,79
2017-01-15,65,63,82
2017-01-16,65,61,84
2017-01-17,68,61,85
2017-01-18,70,65,86
2017-01-19,70,67,88
2017-01-20,70,69,87
2017-01-21,70,71,85
2017-01-22,68,71,84
2017-01-23,68,71,84
2017-01-24,68,69,81
2017-01-25,65,67,78
2017-01-26,62,65,78
2017-01-27,63,67,77
2017-01-28,70,71,73
2017-01-29,78,75,70
2017-01-30,80,77,74
2017-01-31,77,77,72
2017-02-01,74,74,74
2017-02-02,74,71,74
2017-02-03,72,67,74
2017-02-04,66,66,75
2017-02-05,67,67,75
2017-02-06,70,68,75
2017-02-07,72,69,74
2017-02-08,75,70,74
2017-02-09,77,69,74
2017-02-10,76,69,74
2017-02-11,76,71,74
2017-02-12,76,71,74
2017-02-13,78,71,74
2017-02-14,74,71,75
2017-02-15,78,70,76
2017-02-16,75,69,77
2017-02-17,71,67,77
2017-02-18,70,65,76
2017-02-19,68,64,73
2017-02-20,68,64,72
2017-02-21,72,64,72
2017-02-22,75,64,70
2017-02-23,75,64,72
2017-02-24,70,63,72
2017-02-25,68,64,73
2017-02-26,70,64,73
2017-02-27,70,64,74
2017-02-28,70,64,74
2017-03-01,69,62,74
2017-03-02,68,62,74
2017-03-03,68,61,73
2017-03-04,73,61,76
2017-03-05,73,61,81
2017-03-06,75,61,81
2017-03-07,75,63,84
2017-03-08,74,65,83
2017-03-09,75,65,79
2017-03-10,75,66,78
2017-03-11,75,66,83
2017-03-12,80,67,83
2017-03-13,80,68,82
2017-03-14,78,69,80
2017-03-15,76,69,75
2017-03-16,77,68,77
2017-03-17,74,68,80
2017-03-18,74,69,82
2017-03-19,75,71,82
2017-03-20,80,75,82
2017-03-21,82,79,82
2017-03-22,85,83,84
2017-03-23,85,85,82
2017-03-24,85,85,79
2017-03-25,82,85,79
2017-03-26,83,85,79
2017-03-27,82,83,78
2017-03-28,78,81,78
2017-03-29,78,78,78
2017-03-30,76,76,74
2017-03-31,75,74,74
2017-04-01,76,74,72
2017-04-02,80,75,72
2017-04-03,81,76,77
2017-04-04,84,76,77
2017-04-05,81,75,90
2017-04-06,87,75,88
2017-04-07,80,73,84
2017-04-08,83,71,84
2017-04-09,78,69,82
2017-04-10,80,69,81
2017-04-11,75,69,78
2017-04-12,74,69,74
2017-04-13,74,69,72
2017-04-14,73,68,71
2017-04-15,73,68,70
2017-04-16,73,68,74
2017-04-17,73,68,82
2017-04-18,73,69,84
2017-04-19,73,69,86
2017-04-20,74,69,80
2017-04-21,73,70,75
2017-04-22,74,70,77
2017-04-23,73,69,87
2017-04-24,75,69,93
2017-04-25,75,70,94
2017-04-26,77,71,94
2017-04-27,76,73,88
2017-04-28,77,74,88
2017-04-29,80,76,93
2017-04-30,80,79,96
2017-05-01,80,81,96
2017-05-02,83,81,96
2017-05-03,79,81,96
2017-05-04,75,81,96
2017-05-05,75,79,100
2017-05-06,77,79,105
2017-05-07,85,79,110
2017-05-08,85,79,107
2017-05-09,85,79,103
2017-05-10,80,79,97
2017-05-11,80,79,100
2017-05-12,83,81,105
2017-05-13,85,83,105
2017-05-14,89,86,101
2017-05-15,90,86,101
2017-05-16,85,86,102
2017-05-17,88,90,102
2017-05-18,90,92,102
2017-05-19,97,94,106
2017-05-20,100,100,106
2017-05-21,100,101,106
2017-05-22,100,103,106
2017-05-23,104,105,106
2017-05-24,103,103,105
2017-05-25,103,101,105
2017-05-26,100,101,103
2017-05-27,98,101,103
2017-05-28,100,101,98
2017-05-29,100,101,98
2017-05-30,104,101,99
2017-05-31,104,101,99
2017-06-01,106,101,96
2017-06-02,105,101,95
2017-06-03,103,101,93
2017-06-04,100,101,90
2017-06-05,97,101,85
2017-06-06,100,103,84
2017-06-07,97,105,90
2017-06-08,100,105,88
2017-06-09,97,103,88
2017-06-10,97,101,84
2017-06-11,95,99,80
2017-06-12,95,97,80
2017-06-13,98,95,80
2017-06-14,90,93,79
2017-06-15,90,91,76
2017-06-16,88,88,73
2017-06-17,85,85,73
2017-06-18,85,83,73
2017-06-19,88,83,73
2017-06-20,88,84,71
2017-06-21,92,86,74
2017-06-22,100,87,79
2017-06-23,104,91,84
2017-06-24,102,94,84
2017-06-25,101,100,84
2017-06-26,100,102,78
2017-06-27,95,101,77
2017-06-28,92,99,74
2017-06-29,93,95,73
2017-06-30,88,92,72
2017-07-01,85,91,76
2017-07-02,88,93,79
2017-07-03,93,96,79
2017-07-04,95,97,79
2017-07-05,90,99,75
2017-07-06,85,100,69
2017-07-07,85,96,69
2017-07-08,80,91,74
2017-07-09,85,86,74
2017-07-10,80,84,70
2017-07-11,75,81,68
2017-07-12,78,77,67
2017-07-13,73,74,64
2017-07-14,70,69,64
2017-07-15,68,69,64
2017-07-16,67,73,64
2017-07-17,70,75,64
2017-07-18,72,77,64
2017-07-19,68,76,65
2017-07-20,63,73,66
2017-07-21,60,68,68
2017-07-22,58,64,68
2017-07-23,60,63,64
2017-07-24,61,63,62
2017-07-25,60,61,61
2017-07-26,60,59,54
2017-07-27,55,58,50
2017-07-28,52,57,53
2017-07-29,50,57,53
2017-07-30,50,57,54
2017-07-31,50,55,54
2017-08-01,48,55,54
2017-08-02,48,55,52
2017-08-03,48,55,53
2017-08-04,53,58,53
2017-08-05,57,58,52
2017-08-06,60,59,51
2017-08-07,60,60,54
2017-08-08,60,61,55
2017-08-09,56,63, 
2017-08-10,66,63,62
2017-08-11,62,62,58
2017-08-12,58,61,53
2017-08-13,58,60,55
2017-08-14,58,59,54
2017-08-15,56,57,54
2017-08-16,60,57,54
2017-08-17,58,57,52
2017-08-18,58,58,50
2017-08-19,58,59,52
2017-08-20,61,61,52
2017-08-21,60,61,52
2017-08-22,62,61,52
2017-08-23,60,61,52
2017-08-24,60,61,52
2017-08-25,60,59,54
2017-08-26,56,57,55
2017-08-27,56,57,60
2017-08-28,58,57,65
2017-08-29,62,61,65
2017-08-30,66,63,63
2017-08-31,67,65,60
2017-09-01,68,68,60
2017-09-02,72,69,60
2017-09-03,72,70,60
2017-09-04,72,69,57
2017-09-05,72,69,56
2017-09-06,72,67,52
2017-09-07,72,67,57
2017-09-08,74,69,55
2017-09-09,77,71,58
2017-09-10,80,73,58
2017-09-11,81,73,58
2017-09-12,81,73,58
2017-09-13,78,71,62
2017-09-14,78,69,65
2017-09-15,79,72,71
2017-09-16,79,72,75
2017-09-17,81,72,79
2017-09-18,81,72,79
2017-09-19,80,73,79
2017-09-20,80,74,72
2017-09-21,80,74,68
2017-09-22,80,76,68
2017-09-23,80,79,65
2017-09-24,81,81,65
2017-09-25,80,81,65
2017-09-26,80,79,70
2017-09-27,78,77,71
2017-09-28,77,75,72
2017-09-29,77,75,72
2017-09-30,76,75,70
2017-10-01,75,77,68
2017-10-02,75,79,67
2017-10-03,75,79,68
2017-10-04,75,78,68
2017-10-05,72,77,73
2017-10-06,72,73,78
2017-10-07,69,71,76
2017-10-08,69,69,76
2017-10-09,68,67,76
2017-10-10,67,67,74
2017-10-11,68,67,70
2017-10-12,65,66,67
2017-10-13,66,66,68
2017-10-14,68,69,70
2017-10-15,70,69,75
2017-10-16,70,69,80
2017-10-17,70,69,80
2017-10-18,70,71,75
2017-10-19,70,69,69
2017-10-20,70,71,76
2017-10-21,74,73,80
2017-10-22,77,75,85
2017-10-23,78,75,85
2017-10-24,75,75,85
2017-10-25,75,73,83
2017-10-26,69,71,80
2017-10-27,67,67,88
2017-10-28,70,67,95
2017-10-29,75,66,90
2017-10-30,75,66,84
2017-10-31,74,68,84
2017-11-01,71,68,88
2017-11-02,70,68,89
2017-11-03,67,66,85
2017-11-04,67,65,81
2017-11-05,67,65,81
2017-11-06,67,66,82
2017-11-07,67,65,84
2017-11-08,65,64,88
2017-11-09,65,62,84
2017-11-10,64,59,80
2017-11-11,64,56,73
2017-11-12,65,56,73
2017-11-13,65,56,78
2017-11-14,61,56,78
2017-11-15,64,56,72
2017-11-16,64,56,70
2017-11-17,61,56,70
2017-11-18,64,56,70
2017-11-19,62,56,70
2017-11-20,62,56,69
2017-11-21,60,56,68
2017-11-22,62,56,63
2017-11-23,60,56,63
2017-11-24,60,56,66
2017-11-25,61,56,72
2017-11-26,65,61,69
2017-11-27,65,63,67
2017-11-28,64,66,67
2017-11-29,67,69,73
2017-11-30,71,70,73
2017-12-01,73,72,72
2017-12-02,75,72,73
2017-12-03,75,72,72
2017-12-04,73,72,71
2017-12-05,72,72,71
2017-12-06,70,71,69
2017-12-07,72,71,66
2017-12-08,73,71,70
2017-12-09,73,67,72
2017-12-10,73,69,72
2017-12-11,73,71,70
2017-12-12,77,73,70
2017-12-13,79,76,69
2017-12-14,80,78,69
2017-12-15,80,81,73
2017-12-16,83,81,75
2017-12-17,85,81,73
2017-12-18,85,81,73
2017-12-19,85,81,73
2017-12-20,84,79,75
2017-12-21,81,77,74
2017-12-22,81,77,72
2017-12-23,84,80,72
2017-12-24,88,86,72
2017-12-25,88,89,72
2017-12-26,86,89,70
2017-12-27,86,89,70
2017-12-28,84,89,70
2017-12-29,83,86,70
2017-12-30,80,82,73
2017-12-31,82,83,75
2018-01-01,82,85,75
2018-01-02,83,85,76
2018-01-03,87,85,76
2018-01-04,86,85,74
2018-01-05,87,85,74
2018-01-06,86,83,73
2018-01-07,84,81,74
2018-01-08,84,81,74
2018-01-09,84,79,76
2018-01-10,84,79,77
2018-01-11,84,79,79
2018-01-12,85,80,84
2018-01-13,90,80,85
2018-01-14,92,80,81
2018-01-15,88,81,80
2018-01-16,85,81,77
2018-01-17,80,79,77
2018-01-18,82,77,77
2018-01-19,81,75,77
2018-01-20,85,75,73
2018-01-21,85,77,77
2018-01-22,85,77,74
2018-01-23,84,77,76
2018-01-24,80,77,76
2018-01-25,80,77,76
2018-01-26,80,77,76
2018-01-27,80,74,72
2018-01-28,78,72,76
2018-01-29,73,72,74
2018-01-30,73,72,75
2018-01-31,72,70,73
2018-02-01,72,69, 
2018-02-02,74,67,70
2018-02-03,72,65,70
2018-02-04,68,64,70
2018-02-05,66,64,72
2018-02-06,68,62,73
2018-02-07,68,62,73
2018-02-08,66,62,70
2018-02-09,65,62,70
2018-02-10,65,59,68
2018-02-11,62,59,68
2018-02-12,60,59,70
2018-02-13,60,59,70
2018-02-14,64,59,70
2018-02-15,65,59,69
2018-02-16,69,61,69
2018-02-17,71,63,71
2018-02-18,72,65,76
2018-02-19,70,65,77
2018-02-20,70,65,77
2018-02-21,70,65,76
2018-02-22,66,65,72
2018-02-23,66,63,76
2018-02-24,66,62,81
2018-02-25,68,59,81
2018-02-26,70,55,77
2018-02-27,70,55,77
2018-02-28,70,57,80
2018-03-01,72,59,80
2018-03-02, , ,80
2018-03-03,68,64,77
2018-03-04,67,64,75
2018-03-05,66,64,74
2018-03-06,64,61,72
2018-03-07,64,57,70
2018-03-08,61,55,70
2018-03-09,60,53,73
2018-03-10,60,53,76
2018-03-11,65,53,72
2018-03-12,66,55,70
2018-03-13,66,56,70
2018-03-14,62,56,68
2018-03-15,62,56,68
2018-03-16,61,56,70
2018-03-17,64,56,70
2018-03-18,67,57,68
2018-03-19,65,57,68
2018-03-20,65,57,67
2018-03-21,61,53,67
2018-03-22,60,49,67
2018-03-23,60,49,67
2018-03-24,62,51,65
2018-03-25,66,51,66
2018-03-26,66,51,68
2018-03-27,66,51,67
2018-03-28,61,49,68
2018-03-29,60,49,65
2018-03-30,59,51,62
2018-03-31,60,54,59
2018-04-01,65,59,60
2018-04-02,69,61,64
2018-04-03,65,64,64
2018-04-04,70,66,64
2018-04-05,68,66,60
2018-04-06,67,66,58
2018-04-07,64,66,60
2018-04-08,63,64,64
2018-04-09,63,62,64
2018-04-10,64,62,65
2018-04-11,61,58,64
2018-04-12,62,55,67
2018-04-13,65,55,70
2018-04-14,68,58,72
2018-04-15,70,62,76
2018-04-16,71,63,76
2018-04-17,70,63,76
2018-04-18,70,63,72
2018-04-19,69,63,68
2018-04-20,67,63,66
2018-04-21,67,63,72
2018-04-22,72,63,75
2018-04-23,75,63,75
2018-04-24,77,64,75
2018-04-25,80,67,73
2018-04-26,80,70,74
2018-04-27,81,74,77
2018-04-28,81,76,77
2018-04-29,80,81,77
2018-04-30,81,82,75
2018-05-01,80,82,75
2018-05-02,79,82,81
2018-05-03,81,82,86
2018-05-04,85,82,93
2018-05-05,91,85,88
2018-05-06,93,91,86
2018-05-07,92,91,88
2018-05-08,90,91,88
2018-05-09,89,91,88
2018-05-10,89,91,88
2018-05-11,88,89,88
2018-05-12,88,89,88
2018-05-13,90,89,85
2018-05-14,90,89,85
2018-05-15,95,91,85
2018-05-16,95,94,85
2018-05-17,95,94,80
2018-05-18,96,96,87
2018-05-19,96,98,92
2018-05-20,96,98,97
2018-05-21,95,98,97
2018-05-22,92,96,95
2018-05-23,90,93,88
2018-05-24,90,91,83
2018-05-25,90,89,82
2018-05-26,88,89,82
2018-05-27,88,89,83
2018-05-28,88,89,81
2018-05-29,88,87,81
2018-05-30,85,87,81
2018-05-31,90,87,81
2018-06-01,92,87,78
2018-06-02,90,87,74
2018-06-03,90,87,78
2018-06-04,90,87,78
2018-06-05,88,87,77
2018-06-06,88,87,77
2018-06-07,90,87,77
2018-06-08,90,89,75
2018-06-09,88,92,74
2018-06-10,90,96,77
2018-06-11,91,98,81
2018-06-12,97,101,83
2018-06-13,96,101,82
2018-06-14,97,102,88
2018-06-15,90,102,84
2018-06-16,90,102,84
2018-06-17,90,100,85
2018-06-18,88,96,92
2018-06-19,90,93,93
2018-06-20,85,91,95
2018-06-21,85,89,95
2018-06-22,84,87,95
2018-06-23,82,87,95
2018-06-24,80,87,96
2018-06-25,90,87,99
2018-06-26,88,87,103
2018-06-27,85,87,103
2018-06-28,85,85,98
2018-06-29,80,83,94
2018-06-30,75,76,92
2018-07-01,75,73,92
2018-07-02,75,71,92
2018-07-03,70,71,92
2018-07-04,70,71,90
2018-07-05,71,71,88
2018-07-06,70,69,82
2018-07-07,70,69,80
2018-07-08,64,65,80
2018-07-09,62,65,78
2018-07-10,60,65,78
2018-07-11,62,65,76
2018-07-12,64,65,74
2018-07-13,62,65,74
2018-07-14,64,63,73
2018-07-15,62,63,79
2018-07-16,62,63,79
2018-07-17,60,63,79
2018-07-18,60,63,77
2018-07-19,60,63,73
2018-07-20,63,63,70
2018-07-21,61,59,67
2018-07-22,64,59,65
2018-07-23,59,59,65
2018-07-24,58,59,65
2018-07-25,58,57,65
2018-07-26,56,55,63
2018-07-27,58,55,64
2018-07-28,55,55,64
2018-07-29,62,55,60
2018-07-30,64,59,58
2018-07-31,63,59,57
2018-08-01,63,61,55
2018-08-02,60,61,55
2018-08-03,62,61,53
2018-08-04,60,59,52
2018-08-05,64,58,52
2018-08-06,64,59,51
2018-08-07,60,59,52
2018-08-08,60,59,57
2018-08-09,63,59,60
2018-08-10,63,59,59
2018-08-11,64,60,53
2018-08-12,65,62,51
2018-08-13,65,66,51
2018-08-14,67,67,51
2018-08-15,67,69,50
2018-08-16,64,70,48
2018-08-17,64,71,49
2018-08-18,66,71,51
2018-08-19,72,73,53
2018-08-20,70,74,56
2018-08-21,70,74,56
2018-08-22,74,74,54
2018-08-23,69,74,53
2018-08-24,70,71,51
2018-08-25,70,71,48
2018-08-26,70,71,49
2018-08-27,68,71,51
2018-08-28,68,70,55
2018-08-29,68,70,59
2018-08-30,66,70,58
2018-08-31,65,70,56
2018-09-01,65,69,53
2018-09-02,64,69,55
2018-09-03,60,67,58
2018-09-04,64,67,58
2018-09-05,65,67,58
2018-09-06,62,67,56
2018-09-07,60,64,52
2018-09-08,60,61,52
2018-09-09,57,59,55
2018-09-10,57,59,54
2018-09-11,62,57,54
2018-09-12,62,57,53
2018-09-13,62,57,50
2018-09-14,65,59,49
2018-09-15,66,60,52
2018-09-16,64,63,52
2018-09-17,65,64,51
2018-09-18,63,66,53
2018-09-19,66,67,56
2018-09-20,67,66,60
2018-09-21,70,66,63
2018-09-22,72,66,63
2018-09-23,73,70,57
2018-09-24,73,75,58
2018-09-25,77,78,58
2018-09-26,80,82,60
2018-09-27,84,84,60
2018-09-28,76,85,57
2018-09-29,74,85,55
2018-09-30,73,85,55
